-- phpMyAdmin SQL Dump
-- version 5.0.2
-- https://www.phpmyadmin.net/
--
-- Máy chủ: 127.0.0.1
-- Thời gian đã tạo: Th11 27, 2022 lúc 3:15 AM
-- Phiên bản máy phục vụ: 10.4.14-MariaDB
-- Phiên bản PHP: 7.2.33

SET SQL_MODE = "NO_AUTO_VALUE_ON_ZERO";
START TRANSACTION;
SET time_zone = "+00:00";


/*!40101 SET @OLD_CHARACTER_SET_CLIENT=@@CHARACTER_SET_CLIENT */;
/*!40101 SET @OLD_CHARACTER_SET_RESULTS=@@CHARACTER_SET_RESULTS */;
/*!40101 SET @OLD_COLLATION_CONNECTION=@@COLLATION_CONNECTION */;
/*!40101 SET NAMES utf8mb4 */;

--
-- Cơ sở dữ liệu: `shopphone`
--

-- --------------------------------------------------------

--
-- Cấu trúc bảng cho bảng `banner`
--

CREATE TABLE `banner` (
  `Id` int(11) NOT NULL,
  `HinhAnh` varchar(255) DEFAULT NULL
) ENGINE=InnoDB DEFAULT CHARSET=utf8mb4 ROW_FORMAT=DYNAMIC;

--
-- Đang đổ dữ liệu cho bảng `banner`
--

INSERT INTO `banner` (`Id`, `HinhAnh`) VALUES
(3, 'img/banners/banner1.jpg'),
(4, 'img/banners/banner2.jpg');

-- --------------------------------------------------------

--
-- Cấu trúc bảng cho bảng `chitiethoadon`
--

CREATE TABLE `chitiethoadon` (
  `MaHD` int(11) NOT NULL,
  `MaSP` int(11) NOT NULL,
  `SoLuong` int(11) NOT NULL,
  `DonGia` float NOT NULL
) ENGINE=InnoDB DEFAULT CHARSET=utf8 COLLATE=utf8_unicode_ci ROW_FORMAT=DYNAMIC;

--
-- Đang đổ dữ liệu cho bảng `chitiethoadon`
--

INSERT INTO `chitiethoadon` (`MaHD`, `MaSP`, `SoLuong`, `DonGia`) VALUES
(1, 56, 1, 8590000),
(1, 21, 1, 2290000),
(2, 44, 1, 39900000),
(2, 49, 1, 32000),
(3, 44, 1, 39900000),
(3, 49, 1, 32000),
(4, 44, 1, 39900000),
(4, 49, 1, 32000),
(6, 39, 1, 850000),
(6, 57, 1, 14490000),
(7, 39, 1, 850000),
(7, 56, 1, 8590000),
(8, 56, 1, 8590000),
(9, 12, 1, 6900000);

-- --------------------------------------------------------

--
-- Cấu trúc bảng cho bảng `danhmuc`
--

CREATE TABLE `danhmuc` (
  `MaDM` int(11) NOT NULL,
  `TenDM` varchar(255) DEFAULT NULL
) ENGINE=InnoDB DEFAULT CHARSET=utf8mb4 ROW_FORMAT=DYNAMIC;

--
-- Đang đổ dữ liệu cho bảng `danhmuc`
--

INSERT INTO `danhmuc` (`MaDM`, `TenDM`) VALUES
(1, 'Điện Thoại'),
(2, 'Ốp lưng'),
(3, ' Phụ kiện');

-- --------------------------------------------------------

--
-- Cấu trúc bảng cho bảng `hoadon`
--

CREATE TABLE `hoadon` (
  `MaHD` int(11) NOT NULL,
  `MaND` int(11) NOT NULL,
  `NgayLap` datetime NOT NULL,
  `NguoiNhan` varchar(50) COLLATE utf8_unicode_ci NOT NULL,
  `SDT` varchar(20) COLLATE utf8_unicode_ci NOT NULL,
  `DiaChi` varchar(100) COLLATE utf8_unicode_ci NOT NULL,
  `PhuongThucTT` varchar(20) COLLATE utf8_unicode_ci NOT NULL,
  `TongTien` float NOT NULL,
  `TrangThai` varchar(70) COLLATE utf8_unicode_ci NOT NULL
) ENGINE=InnoDB DEFAULT CHARSET=utf8 COLLATE=utf8_unicode_ci ROW_FORMAT=DYNAMIC;

--
-- Đang đổ dữ liệu cho bảng `hoadon`
--

INSERT INTO `hoadon` (`MaHD`, `MaND`, `NgayLap`, `NguoiNhan`, `SDT`, `DiaChi`, `PhuongThucTT`, `TongTien`, `TrangThai`) VALUES
(1, 1, '2020-07-23 17:44:22', 'Duong Duong', '0976942493', 'An Vĩnh', '', 10880000, '0'),
(2, 1, '2020-07-24 21:54:03', 'Duong Duong', '0976942493', 'An Vĩnh', '', 39932000, '1'),
(3, 1, '2020-07-24 22:05:07', 'Duong Duong', '0976942493', 'An Vĩnh', '', 39932000, '0'),
(4, 1, '2020-07-24 22:06:01', 'Duong Duong', '0976942493', 'An Vĩnh', '', 39932000, '0'),
(6, 13, '2020-07-25 11:59:47', 'Nguyễn Trí', '02354129852', '39 đường 3/2 Đà Nẵng', '', 15340000, '0'),
(7, 1, '2020-07-27 10:49:40', 'Duong Duong', '0976942493', 'An Vĩnh', '', 9440000, '0'),
(8, 14, '2020-10-19 14:41:42', 'admin admin', '23423', 'nui thanh', '', 8590000, '0'),
(9, 15, '2020-10-22 08:05:50', 'a c', '1234567890', 'abc', '', 6900000, '0');

-- --------------------------------------------------------

--
-- Cấu trúc bảng cho bảng `khuyenmai`
--

CREATE TABLE `khuyenmai` (
  `MaKM` int(11) NOT NULL,
  `TenKM` varchar(100) COLLATE utf8_unicode_ci NOT NULL,
  `LoaiKM` varchar(20) COLLATE utf8_unicode_ci NOT NULL,
  `GiaTriKM` float(11,0) NOT NULL,
  `NgayBD` datetime NOT NULL,
  `TrangThai` int(11) NOT NULL
) ENGINE=InnoDB DEFAULT CHARSET=utf8 COLLATE=utf8_unicode_ci ROW_FORMAT=DYNAMIC;

--
-- Đang đổ dữ liệu cho bảng `khuyenmai`
--

INSERT INTO `khuyenmai` (`MaKM`, `TenKM`, `LoaiKM`, `GiaTriKM`, `NgayBD`, `TrangThai`) VALUES
(1, 'Không khuyến mãi', 'Nothing', 0, '2019-04-08 00:00:00', 1),
(2, 'Giảm giá', 'GiamGia', 500000, '2019-05-01 00:00:00', 1),
(3, 'Giá rẻ online', 'GiaReOnline', 650000, '2019-05-01 00:00:00', 1),
(4, 'Trả góp', 'TraGop', 0, '2019-05-01 00:00:00', 1),
(5, 'Mới ra mắt', 'MoiRaMat', 0, '2019-05-01 00:00:00', 1),
(13, 'Thích thì khuyến mãi', 'Khuyến mãi Ok', 100, '2020-07-18 11:26:06', 1),
(14, '', '', 0, '2020-07-21 10:10:45', 1);

-- --------------------------------------------------------

--
-- Cấu trúc bảng cho bảng `loaisanpham`
--

CREATE TABLE `loaisanpham` (
  `MaLSP` int(11) NOT NULL,
  `TenLSP` varchar(70) COLLATE utf8_unicode_ci NOT NULL,
  `HinhAnh` varchar(200) COLLATE utf8_unicode_ci NOT NULL,
  `Mota` varchar(200) COLLATE utf8_unicode_ci NOT NULL,
  `MaDM` int(11) NOT NULL
) ENGINE=InnoDB DEFAULT CHARSET=utf8 COLLATE=utf8_unicode_ci ROW_FORMAT=DYNAMIC;

--
-- Đang đổ dữ liệu cho bảng `loaisanpham`
--

INSERT INTO `loaisanpham` (`MaLSP`, `TenLSP`, `HinhAnh`, `Mota`, `MaDM`) VALUES
(1, 'Apple', 'Apple.jpg', 'Điện thoại apple', 1),
(6, 'Vivo', 'Vivo.jpg', 'Các sản phẩm của Vivo', 1),
(7, 'Oppo', 'Oppo.jpg', 'Camara Selphi cuc chat tu Oppo', 1),
(8, 'SamSung', 'Samsung.jpg', 'Khuyen mai lon tu SamSung', 1),
(10, 'Nokia', 'Nokia.jpg', 'Các sản phẩm đến từ thương hiệu Nokia', 1),
(14, 'Xiaomi', 'Xiaomi.png', 'Các sản phẩm đến từ thương hiệu Xiaomi', 1),
(15, 'Ốp Oppo', 'Samsung54-b_36.jpg', 'Ốp lưng Oppo', 2),
(29, 'VsMart', 'Vsmart42-b_40.png', 'Sản phẩm của VsMart', 1),
(30, 'RealMe', 'Realme42-b_37.png', 'Sản phẩm của Real Me', 1),
(32, 'eSaver', 'eSaver57-b_47.jpg', 'pin sạc dự phòng', 3),
(33, 'AVA', 'AVA57-b_50.jpg', 'Pin sạc dự phòng Ava', 3),
(34, 'Mbest', 'Mbest57-b_9.jpg', 'pin sạc dự phòng MBest', 3),
(35, 'Sony', 'Sony57-b_43.jpg', 'Pin sạc dự phòng Sony', 3),
(36, 'AUKEY', 'AUKEY57-b_51.jpg', 'Pin sạc dự phòng Aukey', 3),
(37, 'Xmobile', 'Xmobile57-b_42.jpg', 'Pin sạc dự phòng Xmobile', 3),
(38, 'Apple', 'Apple58-b_6.jpg', 'Cáp sạc Apple', 3),
(39, 'SamSung', 'Samsung54-b_36.jpg', 'Các loại phụ kiện  SamSung', 3),
(40, 'Thẻ nhớ', 'eValu57-b_51.jpg', 'Các loại thẻ nhớ', 3),
(42, 'Ốp iPhone', 'Apple.jpg', 'Các loại Ốp iPhone ', 2),
(43, 'Ốp SamSung', 'Samsung54-b_36.jpg', 'Các loại Ốp SamSung', 2);

-- --------------------------------------------------------

--
-- Cấu trúc bảng cho bảng `nguoidung`
--

CREATE TABLE `nguoidung` (
  `MaND` int(11) NOT NULL,
  `Ho` varchar(20) COLLATE utf8_unicode_ci NOT NULL,
  `Ten` varchar(20) COLLATE utf8_unicode_ci NOT NULL,
  `GioiTinh` varchar(10) COLLATE utf8_unicode_ci NOT NULL,
  `SDT` varchar(20) COLLATE utf8_unicode_ci DEFAULT NULL,
  `Email` varchar(50) COLLATE utf8_unicode_ci NOT NULL,
  `DiaChi` varchar(200) COLLATE utf8_unicode_ci NOT NULL,
  `TaiKhoan` varchar(100) COLLATE utf8_unicode_ci NOT NULL,
  `MatKhau` varchar(100) COLLATE utf8_unicode_ci NOT NULL,
  `MaQuyen` int(11) NOT NULL,
  `TrangThai` int(11) NOT NULL
) ENGINE=InnoDB DEFAULT CHARSET=utf8 COLLATE=utf8_unicode_ci ROW_FORMAT=DYNAMIC;

--
-- Đang đổ dữ liệu cho bảng `nguoidung`
--

INSERT INTO `nguoidung` (`MaND`, `Ho`, `Ten`, `GioiTinh`, `SDT`, `Email`, `DiaChi`, `TaiKhoan`, `MatKhau`, `MaQuyen`, `TrangThai`) VALUES
(1, 'Duong', 'Duong', 'Nam', '0976942493', 'duongls2ls@gmail.com', 'An Vĩnh', 'duongls2ls', 'e99a18c428cb38d5f260853678922e03', 2, 1),
(2, 'Duong', 'A ', 'Nam', '0976942494', 'duonglslata@gmail.com', 'An Hải', 'duongls', 'e99a18c428cb38d5f260853678922e03', 3, 1),
(3, 'Duong', 'B', 'Nữ', '0976942495', 'duongls@gmail.com', 'An Bình', 'duongAB', 'e99a18c428cb38d5f260853678922e03', 3, 1),
(12, 'Trịnh', 'Phúc', 'Nam', '0383425354', 'phucaguero611@gmail.com', 'Đà Nẵng', 'liqin', 'e99a18c428cb38d5f260853678922e03', 2, 1),
(13, 'Nguyễn', 'Trí', '', '02354129852', 'tringuyendb@gmail.com', '', 'trimen', 'e99a18c428cb38d5f260853678922e03', 1, 1),
(14, 'admin', 'admin', 'nam', '23423', 'admin@gmail.com', 'nui thanh', 'admin', '21232f297a57a5a743894a0e4a801fc3', 2, 1),
(15, 'a', 'c', '', '1234567890', 'a@gmail.com', '', '123456', '040d9b33af7249502cd6ec06c422755a', 1, 1);

-- --------------------------------------------------------

--
-- Cấu trúc bảng cho bảng `phanquyen`
--

CREATE TABLE `phanquyen` (
  `MaQuyen` int(11) NOT NULL,
  `TenQuyen` varchar(20) COLLATE utf8_unicode_ci NOT NULL,
  `ChiTietQuyen` varchar(255) COLLATE utf8_unicode_ci NOT NULL
) ENGINE=InnoDB DEFAULT CHARSET=utf8 COLLATE=utf8_unicode_ci ROW_FORMAT=DYNAMIC;

--
-- Đang đổ dữ liệu cho bảng `phanquyen`
--

INSERT INTO `phanquyen` (`MaQuyen`, `TenQuyen`, `ChiTietQuyen`) VALUES
(1, 'Customer', 'Khách hàng có tài khoản'),
(2, 'Admin', 'Quản trị viên'),
(3, 'Personnel', 'Nhân Viên');

-- --------------------------------------------------------

--
-- Cấu trúc bảng cho bảng `sanpham`
--

CREATE TABLE `sanpham` (
  `MaSP` int(11) NOT NULL,
  `MaLSP` int(11) NOT NULL,
  `MaDM` int(11) NOT NULL,
  `TenSP` varchar(70) COLLATE utf8_unicode_ci NOT NULL,
  `DonGia` int(11) NOT NULL,
  `SoLuong` int(10) UNSIGNED NOT NULL DEFAULT 1,
  `HinhAnh1` varchar(200) COLLATE utf8_unicode_ci NOT NULL,
  `HinhAnh2` varchar(255) COLLATE utf8_unicode_ci DEFAULT NULL,
  `HinhAnh3` varchar(255) COLLATE utf8_unicode_ci DEFAULT NULL,
  `MaKM` int(11) NOT NULL,
  `ManHinh` varchar(50) COLLATE utf8_unicode_ci DEFAULT NULL,
  `HDH` varchar(50) COLLATE utf8_unicode_ci DEFAULT NULL,
  `CamSau` varchar(50) COLLATE utf8_unicode_ci DEFAULT NULL,
  `CamTruoc` varchar(50) COLLATE utf8_unicode_ci DEFAULT NULL,
  `CPU` varchar(50) COLLATE utf8_unicode_ci DEFAULT NULL,
  `Ram` varchar(50) COLLATE utf8_unicode_ci DEFAULT NULL,
  `Rom` varchar(50) COLLATE utf8_unicode_ci DEFAULT NULL,
  `SDCard` varchar(50) COLLATE utf8_unicode_ci DEFAULT NULL,
  `Pin` varchar(50) COLLATE utf8_unicode_ci DEFAULT NULL,
  `SoSao` int(11) NOT NULL,
  `SoDanhGia` int(11) NOT NULL,
  `TrangThai` int(11) NOT NULL,
  `MoTa` text COLLATE utf8_unicode_ci NOT NULL,
  `ThoiGian` datetime DEFAULT NULL
) ENGINE=InnoDB DEFAULT CHARSET=utf8 COLLATE=utf8_unicode_ci ROW_FORMAT=DYNAMIC;

--
-- Đang đổ dữ liệu cho bảng `sanpham`
--

INSERT INTO `sanpham` (`MaSP`, `MaLSP`, `MaDM`, `TenSP`, `DonGia`, `SoLuong`, `HinhAnh1`, `HinhAnh2`, `HinhAnh3`, `MaKM`, `ManHinh`, `HDH`, `CamSau`, `CamTruoc`, `CPU`, `Ram`, `Rom`, `SDCard`, `Pin`, `SoSao`, `SoDanhGia`, `TrangThai`, `MoTa`, `ThoiGian`) VALUES
(1, 10, 1, 'Nokia 105', 360000, 30, 'img/products/nokia-105-single-sim-2019-black-400x460.png', '/img/products/nokia-105-single-sim-2019-den-4-org.jpg', '/img/products/nokia-105-single-sim-2019-den-5-org.jpg', 1, '', '', '', '', '', '', '', 'Không có', '800 mAh', 0, 0, 1, '<div class=\"kvgmc6g5 cxmmr5t8 oygrvhab hcukyx3x c1et5uql\" style=\"overflow-wrap: break-word; margin: 0px; font-family: &quot;Segoe UI Historic&quot;, &quot;Segoe UI&quot;, Helvetica, Arial, sans-serif; color: rgb(255, 255, 255); font-size: 15px; white-space: pre-wrap; background-color: rgb(0, 132, 255); animation-name: none !important; transition-property: none !important;\">Nokia 105 Single SIM (2019) là sự lựa chọn hàng đầu cho những người dùng muốn một chiếc điện thoại phổ thông giá rẻ với độ bền cao và tới từ thương hiệu Nokia vốn đã tạo được lòng tin từ người dùng.</div><div class=\"o9v6fnle cxmmr5t8 oygrvhab hcukyx3x c1et5uql\" style=\"overflow-wrap: break-word; margin: 0.5em 0px 0px; font-family: &quot;Segoe UI Historic&quot;, &quot;Segoe UI&quot;, Helvetica, Arial, sans-serif; color: rgb(255, 255, 255); font-size: 15px; white-space: pre-wrap; background-color: rgb(0, 132, 255); animation-name: none !important; transition-property: none !important;\">Kiểu dáng hiện đại</div><div class=\"o9v6fnle cxmmr5t8 oygrvhab hcukyx3x c1et5uql\" style=\"overflow-wrap: break-word; margin: 0.5em 0px 0px; font-family: &quot;Segoe UI Historic&quot;, &quot;Segoe UI&quot;, Helvetica, Arial, sans-serif; color: rgb(255, 255, 255); font-size: 15px; white-space: pre-wrap; background-color: rgb(0, 132, 255); animation-name: none !important; transition-property: none !important;\">Giải trí đa phương tiện</div>', '2020-07-23 15:48:09'),
(2, 10, 1, 'Nokia 53 Xanh ngọc', 3490000, 20, 'img/products/nokia-53-xanh-ngoc-1-org.jpg', '/img/products/nokia-53-xanh-ngoc-6-org.jpg', '/img/products/nokia-53-xanh-ngoc-4-org.jpg', 4, 'IPS LCD', 'Android 10', 'Chính 13 MP & Phụ 5 MP, 2 MP, 2 MP', '8 MP', 'Snapdragon 665 8 nhân', '3 GB', '64 GB', 'MicroSD, hỗ trợ tối đa 512 GB', '4000 mAh - Pin chuẩn Li-Ion', 0, 0, 1, '', '2020-07-21 19:19:36'),
(3, 10, 1, 'Nokia 230', 1250000, 20, 'img/products/nokia-230-khong-the-xam-400x460-400x460.png', '/img/products/nokia-230-khong-the-xam-dam-4-org.jpg', '/img/products/nokia-230-khong-the-xam-dam-5-org.jpg', 1, 'TFT', 'Android 10', '2 MP', '2 MP', '', '', '', 'MicroSD, hỗ trợ tối đa 32 GB', '1200 mAh - Pin Nokia BL-4UL', 0, 0, 1, '', '2020-07-21 19:23:16'),
(4, 8, 1, 'SamSung Galaxy A80', 8890000, 20, 'img/products/samsung-galaxy-a80-050220-050225-400x460.png', '/img/products/samsung-galaxy-a80-vang-hong-8-org.jpg', '/img/products/samsung-galaxy-a80-vang-hong-9-org.jpg', 1, 'Super AMOLED', 'Android 9.0 (Pie)', 'Chính 48 MP & Phụ 8 MP, TOF 3D', 'Chính 48 MP & Phụ 8 MP, TOF 3D', 'Snapdragon 730 8 nhân', '8 GB', '128 GB', '', '3700 mAh', 0, 0, 1, '', '2020-07-21 19:28:23'),
(5, 8, 1, 'SamSung Galaxy ZFlip', 36000000, 5, 'img/products/samsung-galaxy-z-flip-den-1-org.jpg', '/img/products/samsung-galaxy-z-flip-den-9-org.jpg', '/img/products/samsung-galaxy-z-flip-den-10-org.jpg', 5, 'Chính: Dynamic AMOLED, phụ: Super AMOLED', 'Android 10', 'Chính 12 MP & Phụ 12 MP', '10 MP', 'Snapdragon 855+ 8 nhân', '8 GB', '256 GB', '', '3300 mAh', 0, 0, 1, '', '2020-07-23 14:20:32'),
(6, 8, 1, 'SamSung Galaxy S20', 18990000, 10, 'img/products/samsung-galaxy-s20-plus-400x460-fix-400x460.png', '/img/products/samsung-galaxy-s20-plus-xanh-duong-6-org.jpg', '/img/products/samsung-galaxy-s20-plus-xanh-duong-8-org.jpg', 1, 'Dynamic AMOLED 2X', 'Android 10', 'Chính 12 MP & Phụ 64 MP, 12 MP, TOF 3D', '10 MP', 'Exynos 990 8 nhân', '8 GB', '128 GB', 'MicroSD, hỗ trợ tối đa 1 TB', '4500 mAh', 0, 0, 1, '<p>Chiếc điện thoại Samsung Galaxy S20 Plus - Siêu phẩm với thiết màn hình tràn viền, hiệu năng đỉnh cao kết hợp cùng nhiều đột phá về công nghệ dẫn đầu thế giới smartphone.</p><p>Thiết kế màn hình tràn viền, siêu mượt 120 Hz</p><div><br></div>', '2020-07-21 19:33:15'),
(7, 7, 1, 'Oppo A5 2020', 4490000, 10, 'img/products/oppo-a5-2020-128gb-trang-400x460-400x460.png', '/img/products/oppo-a5-2020-128gb-trang-10-org.jpg', '/img/products/oppo-a5-2020-128gb-trang-8-org.jpg', 2, 'TFT', 'Android 9.0 (Pie)', 'Chính 12 MP & Phụ 8 MP, 2 MP, 2 MP', '8 MP', 'Snapdragon 665 8 nhân', '4 GB', '128 GB', 'MicroSD, hỗ trợ tối đa 256 GB', '5000 mAh', 0, 0, 1, '<p>OPPO A5 (2020) 128GB là chiếc smartphone mới ra mắt của thương hiệu OPPO nhận nhiệm vụ đánh chiếm phân khúc giá rẻ/tầm trung với rất nhiều điểm nhấn đáng giá.</p><p>Màn hình lớn, thỏa sức giải trí</p><p>Bộ nhớ trong lớn, hoạt động mượt mà</p><p>Cụm 4 camera ấn tượng</p>', '2020-07-23 15:52:57'),
(8, 7, 1, 'Oppo A31 2020', 4490000, 20, 'img/products/oppo-a31-2020-128gb-den-400x460-2-400x460.png', '/img/products/oppo-a31-2020-128gb-trang-6-org.jpg', '/img/products/oppo-a31-2020-128gb-trang-7-org.jpg', 2, '5000 mAh', 'ColorOS 6.1 (Android 9.0)', 'Chính 12 MP & Phụ 2 MP, 2 MP', '8 MP', '4 nhân 2.3 GHz & 4 nhân 1.8 GHz', '6 GB', '128 GB', 'MicroSD, hỗ trợ tối đa 256 GB', '4230 mAh', 0, 0, 1, '<p>OPPO A31 2020 (6GB/128GB) - Smartphone gây ấn tượng với bộ 3 camera sau trứ danh OPPO, hiệu năng tốt kết hợp nhiều nâng cấp đáng kể về thiết kế trên giá thành phải chăng phù hợp với đại đa số người dùng.</p><p>Thiết kế màn hình tràn viền thời trang</p><p>Camera ấn tượng trong phân khúc</p><p>Hiệu năng tốt đủ dùng</p><p>Thời lượng pin tốt có hỗ trợ sạc nhanh</p><div><br></div>', '2020-07-23 15:54:12'),
(9, 7, 1, 'Oppo A91', 5990000, 10, 'img/products/oppo-a91-trang-400x460-1-400x460.png', '/img/products/oppo-a91-den-6-org.jpg', '/img/products/oppo-a91-den-1-org.jpg', 1, 'AMOLED, 6.4', 'ColorOS 6.1 (Android 9.0)', 'Chính 48 MP & Phụ 8 MP, 2 MP, 2 MP', '16 MP', 'MediaTek Helio P70 8 nhân', '6 GB', '128 GB', 'MicroSD, hỗ trợ tối đa 256 GB', '4025 mAh, có sạc nhanh', 0, 0, 1, '<p>OPPO A91 là một mẫu smartphone tầm trung mới ra mắt vào cuối năm 2019 của OPPO với nhiều tính năng thú vị, cấu hình ổn cùng giá bán phải chăng.</p><p>Cụm 4 camera độ phân giải 48 MP</p><p>Dung lượn Ram và Rom lớn</p><p>Một ngoại hình bóng bẩy</p>', '2020-07-23 15:55:13'),
(10, 7, 1, 'Oppo A92', 6490000, 10, 'img/products/oppo-a92-tim-400x460-400x460.png', '/img/products/oppo-a92-tim-1-org.jpg', '/img/products/oppo-a92-tim-6-org.jpg', 4, 'TFT LCD, 6.5', 'Android 10', 'Chính 48 MP & Phụ 8 MP, 2 MP, 2 MP', '16 MP', 'Snapdragon 665 8 nhân', '8 GB', '128 GB', 'MicroSD, hỗ trợ tối đa 256 GB', '5000 mAh, có sạc nhanh', 0, 0, 1, '<p>OPPO A92 là mẫu smartphone tầm trung vừa mới được OPPO ra mắt đầu tháng 5/2020. Chiếc điện thoại gây ấn tượng với thiết kế màn hình khoét lỗ tràn viền, cụm 4 camera ấn tượng và được bán với mức giá vô cùng phải chăng.</p><p>Hiệu năng mạnh mẽ trên Snapdragon</p><p>Dung lượn pin khủng kết hợp với sạc nhanh</p><p>Màn hình siêu tràn viền thời đại mới</p><p>Bộ 4 camera bắt trọn mọi khoảnh khắc</p>', '2020-07-23 15:56:28'),
(11, 7, 1, 'Oppo Find X2', 21990000, 5, 'img/products/oppo-find-x2-xanh-400x460-1-400x460.png', '/img/products/oppo-find-x2-xanh-duong-1-org.jpg', '/img/products/oppo-find-x2-xanh-duong-8-org.jpg', 5, 'AMOLED, 6.78', 'Android 10', 'Chính 48 MP & Phụ 13 MP, 12 MP', '32 MP', 'Snapdragon 865 8 nhân', '12 GB', '256 GB', 'Không có', '4200 mAh, có sạc nhanh', 0, 0, 1, '<p>Tiếp nối thành công vang dội của thế hệ Find X, OPPO chính thức ra mắt Find X2 với những đường nét thanh lịch từ thiết kế phần cứng cho đến trải nghiệm phần mềm, hứa hẹn một vẻ đẹp hoàn hảo, một sức mạnh xứng tầm.</p><p>Trải nghiệm thị giác tuyệt vời</p><p>Hệ thống camera đỉnh cao</p><p>Hiệu năng khủng, trải nghiệm cao</p><p>Pin lớn, sạc nhanh SupperVOOC 2.0</p><p>Mở khóa hiện đại, giao diện mượt mà</p>', '2020-07-23 15:57:44'),
(12, 7, 1, 'Oppo Reno2 F', 6900000, 10, 'img/products/oppo-reno2-f-white-400x460-400x460.png', '/img/products/oppo-reno2-f1-2-org.jpg', '/img/products/oppo-reno2-f12-3-org.jpg', 2, 'AMOLED, 6.5', 'Android 9.0 (Pie)', 'Chính 48 MP & Phụ 8 MP, 2 MP, 2 MP', '16 MP', 'MediaTek Helio P70 8 nhân', '8 GB', '128 GB', 'MicroSD, hỗ trợ tối đa 256 GB', '4000 mAh, có sạc nhanh', 0, 0, 1, '<p>OPPO Reno2 F là một trong 3 chiếc smartphone thuộc dòng OPPO Reno2 vừa được OPPO giới thiệu với thiết kế thời trang cùng nhiều nâng cấp mạnh mẽ về camera.<br></p>', '2020-07-23 15:58:14'),
(13, 7, 1, 'Oppo Reno3 Pro', 11490000, 10, 'img/products/oppo-reno3-pro-den-400x460-400x460.png', '/img/products/oppo-reno3-pro-trang-1-org.jpg', '/img/products/oppo-reno3-pro-trang-7-org.jpg', 4, 'Sunlight Super AMOLED, 6.4', 'Android 10', 'Chính 64 MP & Phụ 13 MP, 8 MP, 2 MP', 'Chính 44 MP & Phụ 2 MP', 'MediaTek Helio P95 8 nhân', '8 GB', '256 GB', 'MicroSD, hỗ trợ tối đa 256 GB', '4025 mAh, có sạc nhanh', 0, 0, 1, '<p>OPPO Reno3 Pro tiếp nối truyền thống dòng Reno, vẫn sở hữu cụm camera sau chất lượng cao và bổ sung tính năng quay video Siêu chống rung 2.0 ấn tượng. OPPO cũng trang bị cho máy cụm camera selfie kép tích hợp AI, thiết kế cao cấp cùng màn hình siêu mượt 90Hz theo kịp xu hướng.</p><p>Màn hình nốt ruồi kép, siêu mượt 90Hz</p><p>Camera chất lượng hàng đầu</p><p>Pin dùng cả ngày, sạc siêu nhanh VOOC 4.0</p>', '2020-07-23 15:59:28'),
(14, 14, 1, 'Xiaomi Mi A3', 3490000, 5, 'img/products/xiaomi-mi-a3-white-400x460.png', '/img/products/xiaomi-mi-a3-xanh-1-org.jpg', '/img/products/xiaomi-mi-a3-xanh-6-org.jpg', 4, 'AMOLED, 6.01', 'Android 9 Pie (Android One)', 'Chính 48 MP & Phụ 8 MP, 2 MP', '32 MP', 'Snapdragon 665 8 nhân', '4 GB', '64 GB', 'MicroSD, hỗ trợ tối đa 256 GB', '4030 mAh, có sạc nhanh', 0, 0, 1, '<p>Xiaomi đã và đang khá thành công với các sản phẩm thuộc dòng Mi A của mình và mới đây hãng đã tiếp tục cho ra mắt phiên bản nâng cấp là chiếc Xiaomi Mi A3 (Mi CC9e) với cải tiến mạnh mẽ về camera và hiệu năng bên trong.</p><p>Cụm 3 camera ở mặt lưng</p><p>Thiết kế lột xác so với thế hệ cũ</p><p>Hiệu nawg vẫn rất mạnh mẽ</p>', '2020-07-23 16:00:23'),
(15, 14, 1, 'Xiaomi Note 8 Pro', 5690000, 5, 'img/products/xiaomi-redmi-note-8-pro-6gb-128gb-white-400x460.png', '/img/products/xiaomi-redmi-note-8-pro-6gb-128gb-6-1-org.jpg', '/img/products/xiaomi-redmi-note-8-pro-6gb-128gb-8-1-org.jpg', 1, 'IPS LCD, 6.53', 'Android 9.0 (Pie)', 'Chính 64 MP & Phụ 8 MP, 2 MP, 2 MP', '20 MP', 'MediaTek Helio G90T 8 nhân', '6 GB', '128 GB', 'MicroSD, hỗ trợ tối đa 256 GB', '4500 mAh, có sạc nhanh', 0, 0, 1, '<p>Là phiên bản nâng cấp của chiếc Xiaomi Redmi Note 7 Pro đã \"làm mưa làm gió\" trên thị trường trước đó, chiếc Xiaomi Redmi Note 8 Pro (6GB/128GB) sẽ là sự lựa chọn hàng đầu dành cho người dùng quan tâm nhiều về hiệu năng và camera của một chiếc máy tầm trung.</p><p>Hiệu năng hàng đầu phân khúc</p><p>Camera được đầu tư mạnh mẽ</p><p>Pin khủng còn sạc nhanh</p><p>Màn hình lớn, trải nghiệm thích hơn</p>', '2020-07-23 16:01:26'),
(16, 14, 1, 'Xiaomi Note 10 Lite', 9990000, 10, 'img/products/xiaomi-mi-note-10-lite-400x460-trang-1-400x460.png', '/img/products/xiaomi-mi-note-10-lite-den-6-org.jpg', '/img/products/xiaomi-mi-note-10-lite-den-7-org.jpg', 4, 'AMOLED, 6.47', 'Android 10', 'Chính 64 MP & Phụ 8 MP, 5 MP, 2 MP', '16 MP', 'Snapdragon 730G 8 nhân', '8 GB', '128 GB', 'MicroSD, hỗ trợ tối đa 256 GB', '5260 mAh, có sạc nhanh', 0, 0, 1, '<p>Xiaomi Mi Note 10 Lite là thế hệ Mi Note tiếp theo vừa được Xiaomi chính thức ra mắt vào tháng 5/2020. Máy sở hữu nhiều trang bị hấp dẫn với bộ 4 camera lên đến 64 MP, thiết kế thời trang cùng màn hình AMOLED cong 3D quyến rũ.</p><p>Thời trang và thanh thoát với màn hình tràn viền 3D</p><p>Chụp ảnh với bộ 4 camera lên đến 64 MP</p><p>Pin vượt ngưỡng 5000 mAh, sử dụng thả ga</p><p>Hệ điều hành Android 10 sử dụng giao diện MIUI nhiều tính năng hấp dẫn</p>', '2020-07-23 16:03:30'),
(17, 14, 1, 'Xiaomi Note 10 Pro', 13900000, 10, 'img/products/xiaomi-mi-note-10-pro-black-400x460.png', '/img/products/xiaomi-mi-note-10-pro-den-1-org.jpg', '/img/products/xiaomi-mi-note-10-pro-den-6-org.jpg', 1, 'AMOLED, 6.47\", Full HD+', 'Android 9.0 (Pie)', 'Chính 108 MP & Phụ 20 MP, 12 MP, 5 MP, 2 MP', '32 MP', 'Snapdragon 730G 8 nhân', '8 GB', '256 GB', 'MicroSD, hỗ trợ tối đa 256 GB', '5260 mAh, có sạc nhanh', 0, 0, 1, '<p>Siêu phẩm tầm trung Xiaomi Mi Note 10 Pro, chiếc smartphone đầu tiên sở hữu ống kính độ phân giải 108 MP cùng hệ thống 5 camera độc đáo, công nghệ sạc siêu nhanh 30W đi kèm nhiều tính năng nổi trội khác.</p><p>Thiết kế cao cấp</p><p>Màn hình cong tràn ', '2020-07-22 09:30:01'),
(18, 14, 1, 'Xiaomi Redmi Note 9s', 5990000, 10, 'img/products/xiaomi-redmi-note-9s-400x460-400x460.png', '/img/products/xiaomi-redmi-note-9s-xanh-la-1-org.jpg', '/img/products/xiaomi-redmi-note-9s-xanh-la-6-org.jpg', 4, 'IPS LCD, 6.67', 'Android 10', 'Chính 48 MP & Phụ 8 MP, 5 MP, 2 MP', '16 MP', 'Snapdragon 720 8 nhân', '6 GB', '128 GB', 'MicroSD, hỗ trợ tối đa 256 GB', '5020 mAh, có sạc nhanh', 0, 0, 1, '<p>Redmi Note 9s là sản phẩm tầm trung nhà Xiaomi, gây ấn tượng với thiết kế tràn viền độc đáo, cấu hình mạnh mẽ và hệ thống bốn camera sau chất lượng.</p><p>Thiết kế cao cấp, vân tay dời sang cạnh bên</p><p>Mạnh mẽ vượt trội trong phân khúc</p><p>Chụp ảnh ấn tượng với cụm camera lên đến 48 MP</p>', '2020-07-23 16:04:51'),
(19, 29, 1, 'VsMart Active 3', 3960000, 5, 'img/products/vsmart-active-3-6gb-purple-ruby-400x460-1-400x460.png', '/img/products/vsmart-active-3-6gb-tim-6-org.jpg', '/img/products/vsmart-active-3-6gb-tim-8-org.jpg', 3, 'AMOLED, 6.39', 'Android 9.0 (Pie)', 'Chính 48 MP & Phụ 8 MP, 2 MP', '16 MP', 'MediaTek Helio P60 8 nhân', '6 GB', '64 GB', 'MicroSD, hỗ trợ tối đa 256 GB', '4020 mAh, có sạc nhanh', 0, 0, 1, '<p>Ra mắt vào đầu năm 2020, Vsmart Active 3 (4GB/64GB) là một smartphone có hiệu năng ổn định, thời lượng pin cả ngày dài và còn nhiều tính năng đặc biệt khác nữa, hứa hẹn sẽ mang đến cho bạn một thiết bị công nghệ chẳng những thời trang còn rất hiện đại.</p><p>Sang trọng với mặt lưng kính, hiệu ứng gradient thời thượng</p><p>Màn hình tràn viền sống động</p><p>Bộ 3 camera chuyên nghiệp, camera chính lên đến 48 MP</p><p>Hiệu năng ảnh, xử lý mượt mà</p><p>Hệ điều hành tối ưu cho người Việt</p>', '2020-07-23 16:07:03'),
(20, 29, 1, 'VsMart Bee 3', 1590000, 20, 'img/products/vsmart-bee-3-white400x460-400x460.png', '/img/products/vsmart-bee-3-den-6-org.jpg', '/img/products/vsmart-bee-3-den-7-org.jpg', 3, 'IPS LCD, 6.0', 'Android 9.0 (Pie)', '8 MP', '5 MP', 'MediaTek MT6739WW 4 nhân', '2 GB', '16 GB', 'MicroSD, hỗ trợ tối đa 64 GB', '3000 mAh', 0, 0, 1, '<p>Vsmart Bee 3 là một chiếc smartphone với mức giá siêu rẻ được ra đời để phục vụ người dùng. Máy sở hữu hiệu năng đủ dùng cùng camera chất lượng tốt, màn hình lớn thoải mái và hệ điều hành VOS được tối ưu dành riêng cho người Việt.</p><p>Màn hình rộng rãi lên đến 6 inch</p><p>Camera sắc nét trong tầm giá</p><p>Hiệu năng mượt mà, thoái mái lưu trữ</p><p>Thời lượng pin vượt trội</p><p>Thiết kế đơn giản, nhẹ nhàng</p>', '2020-07-23 16:08:30'),
(21, 29, 1, 'VsMart Joy 3', 2290000, 20, 'img/products/vsmart-joy-3-2gb-tim-400x460-400x460.png', '/img/products/vsmart-joy-3-2gb-trang-6-1-org.jpg', '/img/products/vsmart-joy-3-2gb-trang-8-1-org.jpg', 3, 'IPS LCD, 6.5', 'Android 9.0 (Pie)', 'Chính 13 MP & Phụ 8 MP, 2 MP', '8 MP', 'Snapdragon 632 8 nhân', '2 GB', '32 GB', 'MicroSD, hỗ trợ tối đa 64 GB', '5000 mAh, có sạc nhanh', 0, 0, 1, '<p>Vsmart Joy 3 2GB/32GB là chiếc điện thoại thương hiệu Việt với thiết kế màn hình giọt nước, cụm camera ấn tượng, dung lượng pin khủng đi kèm mức giá bán cực kỳ bình dân.</p><p>Thiết kế sang trọng</p><p>Cụm ba camera độc đáo, xóa phông ảo diệu</p><p>Thời lượng pin lâu có hỗ trợ sạc nhanh</p><p>Hiệu năng mạnh mẽ trong phân khúc</p>', '2020-07-23 16:09:52'),
(22, 29, 1, 'VsMart Star 4', 2490000, 20, 'img/products/vsmart-star-4-3gb-062420-112452-400x460.png', '/img/products/vsmart-star-4-den-6-org.jpg', '/img/products/vsmart-star-4-den-9-org.jpg', 5, 'IPS LCD, 6.09', 'Android 10', 'Chính 8 MP & Phụ 5 MP', '8 MP', 'MediaTek Helio P35 8 nhân', '3 GB', '32 GB', 'MicroSD, hỗ trợ tối đa 64 GB', '3500 mAh', 0, 0, 1, '<p>Không kèn không trống, Vsmart một lần nữa khiến người dùng không khỏi bất ngờ khi tung ra Vsmart Star 4 một bản nâng cấp đáng kể về hiệu năng so với đàn anh Vsmart Star 3, dần khẳng định vị thế sản phẩm Việt trước các đối thủ khác trong tầm giá.</p><p>Màu sắc trẻ trung, thiết kế hợp xu hướng</p><p>Cụm camera nhiều tính năng, nhiều chế độ chụp</p><p>Hiệu năng tốt, dung lượn lưu trữ thoải mái</p><p>Thời lượng pin đủ sài với nhu cầu sử dụng cơ bản</p><p></p>', '2020-07-23 16:11:26'),
(23, 30, 1, 'Realme 5Pro', 4990000, 20, 'img/products/realme-5-pro-white-chi-tiet-400x460.png', '/img/products/realme-5-pro-trang-6-org.jpg', '/img/products/realme-5-pro-trang-9-org.jpg', 3, 'IPS LCD, 6.3', 'Android 9.0 (Pie)', 'Chính 48 MP & Phụ 8 MP, 2 MP, 2 MP', '16 MP', 'Snapdragon 712 8 nhân', '4 GB', '128 GB', 'MicroSD, hỗ trợ tối đa 256 GB', '4035 mAh, có sạc nhanh', 0, 0, 1, '<p>Realme 5 Pro 4GB/128GB, đúng như tên gọi thì đây sẽ là phiên bản cao cấp hơn của chiếc Realme 5 nhằm hướng tới đối tượng người dùng đòi hỏi nhiều hơn về cấu hình của một chiếc smartphone.</p><p>Hiệu năng nâng cấp mạnh mẽ</p><p>Camera hàng đầu phân khúc</p><p>Nhiều trang bị chỉ có trên những chiếc máy cao cấp</p>', '2020-07-23 16:12:46'),
(24, 30, 1, 'Realme 6 Pro', 7990000, 10, 'img/products/realme-6-pro-do-400x460-3-400x460.png', '/img/products/realme-6-pro-mau-do-1-org.jpg', '/img/products/realme-6-pro-mau-do-6-org.jpg', 4, 'IPS LCD, 6.6', 'Android 10', 'Chính 64 MP & Phụ 12 MP, 8 MP, 2 MP', 'Chính 16 MP & Phụ 8 MP', 'Snapdragon 720G 8 nhân', '8 GB', '128 GB', 'MicroSD, hỗ trợ tối đa 256 GB', '4300 mAh, có sạc nhanh', 0, 0, 1, '<p>Realme 6 Pro là mẫu smartphone cao cấp hơn trong bộ đôi Realme 6 Series mới ra mắt của Realme. Vẫn với tiêu chí smartphone cấu hình mạnh - giá tốt, Realme 6 Pro còn nổi bật với cụm 6 camera ấn tượng, màn hình siêu mượt 90 Hz theo xu hướng.</p><p>Realme 6 Pro: 6 camera cực đỉnh</p><p>Cấu hình mạnh mẽ trong phân khúc</p><p>Màn nhình 90Hz siêu mượt</p><p>Pin lớn kèm sạc nhanh</p>', '2020-07-23 16:13:52'),
(28, 35, 3, 'Sạc dự phòng  5.000 mAh', 472000, 10, 'img/products/sac-du-phong-polymer-5000mah-sony-cp-v5b-bc-la-600x600.jpg', '/img/products/sac-du-phong-polymer-5000mah-sony-cp-v5b-bc-la-2-org.jpg', '/img/products/sac-du-phong-polymer-5000mah-sony-cp-v5b-bc-la-3-org.jpg', 1, '', '', '', '', '', '', '', '', '', 0, 0, 1, '<h2 style=\"margin-right: 0px; margin-bottom: 0px; margin-left: 0px; padding: 0px; font-variant-numeric: normal; font-variant-east-asian: normal; font-stretch: normal; font-size: 20px; line-height: 1.3em; font-family: Helvetica, Arial, &quot;DejaVu Sans&quot;, &quot;Liberation Sans&quot;, Freesans, sans-serif; color: rgb(51, 51, 51); outline: none; zoom: 1;\">Thông số kỹ thuật</h2><ul class=\"parameter tableparameter_acc\" style=\"margin-right: 0px; margin-bottom: 0px; margin-left: 0px; padding: 10px 0px 0px; list-style: none; position: relative; overflow: hidden; background-image: initial; background-position: initial; background-size: initial; background-repeat: initial; background-attachment: initial; background-origin: initial; background-clip: initial; color: rgb(51, 51, 51); font-family: Helvetica, Arial, &quot;DejaVu Sans&quot;, &quot;Liberation Sans&quot;, Freesans, sans-serif; font-size: 14px;\"><li class=\"g7619 \" style=\"margin: 0px; padding: 5px 0px; display: table; background-image: initial; background-position: initial; background-size: initial; background-repeat: initial; background-attachment: initial; background-origin: initial; background-clip: initial; width: 360px; border-top: 1px solid rgb(238, 238, 238);\"><span style=\"margin: 0px; padding: 5px 0px; display: table-cell; width: 144px; vertical-align: top; color: rgb(102, 102, 102);\"><a href=\"https://www.thegioididong.com/hoi-dap/hieu-suat-sac-cua-pin-sac-du-phong-co-y-nghia-gi-1198538\" target=\"_blank\" style=\"margin: 0px; padding: 0px; color: rgb(40, 138, 214);\">Hiệu suất sạc:</a></span><div style=\"margin: 0px; padding: 6px 5px; display: table-cell; width: auto; vertical-align: top;\"><span style=\"margin: 0px; padding: 0px;\">65%</span></div></li><li class=\"g23370 \" style=\"margin: 0px; padding: 5px 0px; display: table; background-image: initial; background-position: initial; background-size: initial; background-repeat: initial; background-attachment: initial; background-origin: initial; background-clip: initial; width: 360px; border-top: 1px solid rgb(238, 238, 238);\"><span style=\"margin: 0px; padding: 5px 0px; display: table-cell; width: 144px; vertical-align: top; color: rgb(102, 102, 102);\">Dung lượng pin:</span><div style=\"margin: 0px; padding: 6px 5px; display: table-cell; width: auto; vertical-align: top;\"><span style=\"margin: 0px; padding: 0px;\">10.000 mAh</span></div></li><li class=\"g6440 \" style=\"margin: 0px; padding: 5px 0px; display: table; background-image: initial; background-position: initial; background-size: initial; background-repeat: initial; background-attachment: initial; background-origin: initial; background-clip: initial; width: 360px; border-top: 1px solid rgb(238, 238, 238);\"><span style=\"margin: 0px; padding: 5px 0px; display: table-cell; width: 144px; vertical-align: top; color: rgb(102, 102, 102);\">Thời gian sạc đầy pin:</span><div style=\"margin: 0px; padding: 6px 5px; display: table-cell; width: auto; vertical-align: top;\"><span style=\"margin: 0px; padding: 0px;\">10 - 11 giờ (dùng Adapter 1A)</span><span style=\"margin: 0px; padding: 0px;\">5 - 6 giờ (dùng Adapter 2A)</span></div></li><li class=\"g6441 \" style=\"margin: 0px; padding: 5px 0px; display: table; background-image: initial; background-position: initial; background-size: initial; background-repeat: initial; background-attachment: initial; background-origin: initial; background-clip: initial; width: 360px; border-top: 1px solid rgb(238, 238, 238);\"><span style=\"margin: 0px; padding: 5px 0px; display: table-cell; width: 144px; vertical-align: top; color: rgb(102, 102, 102);\">Nguồn vào:</span><div style=\"margin: 0px; padding: 6px 5px; display: table-cell; width: auto; vertical-align: top;\"><span style=\"margin: 0px; padding: 0px;\">Micro USB/Lightning: 5V - 2A</span></div></li><li class=\"g21149 \" style=\"margin: 0px; padding: 5px 0px; display: table; background-image: initial; background-position: initial; background-size: initial; background-repeat: initial; background-attachment: initial; background-origin: initial; background-clip: initial; width: 360px; border-top: 1px solid rgb(238, 238, 238);\"><span style=\"margin: 0px; padding: 5px 0px; display: table-cell; width: 144px; vertical-align: top; color: rgb(102, 102, 102);\">Nguồn ra:</span><div style=\"margin: 0px; padding: 6px 5px; display: table-cell; width: auto; vertical-align: top;\"><span style=\"margin: 0px; padding: 0px;\">USB: 5V - 2A</span></div></li><li class=\"g12099 \" style=\"margin: 0px; padding: 5px 0px; display: table; background-image: initial; background-position: initial; background-size: initial; background-repeat: initial; background-attachment: initial; background-origin: initial; background-clip: initial; width: 360px; border-top: 1px solid rgb(238, 238, 238);\"><span style=\"margin: 0px; padding: 5px 0px; display: table-cell; width: 144px; vertical-align: top; color: rgb(102, 102, 102);\">Lõi pin:</span><div style=\"margin: 0px; padding: 6px 5px; display: table-cell; width: auto; vertical-align: top;\"><span style=\"margin: 0px; padding: 0px;\"><a href=\"https://www.thegioididong.com/hoi-dap/so-sanh-pin-li-ion-va-pin-li-po-651833#lipo\" target=\"_blank\" style=\"margin: 0px; padding: 0px; color: rgb(40, 138, 214);\">Pin Polymer (Li-Po)</a></span></div></li><li class=\"g21148 \" style=\"margin: 0px; padding: 5px 0px; display: table; background-image: initial; background-position: initial; background-size: initial; background-repeat: initial; background-attachment: initial; background-origin: initial; background-clip: initial; width: 360px; border-top: 1px solid rgb(238, 238, 238);\"><span style=\"margin: 0px; padding: 5px 0px; display: table-cell; width: 144px; vertical-align: top; color: rgb(102, 102, 102);\">Công nghệ/Tiện ích:</span><div style=\"margin: 0px; padding: 6px 5px; display: table-cell; width: auto; vertical-align: top;\"><span style=\"margin: 0px; padding: 0px;\">Đèn LED báo hiệu</span></div></li><li class=\"g8942 \" style=\"margin: 0px; padding: 5px 0px; display: table; background-image: initial; background-position: initial; background-size: initial; background-repeat: initial; background-attachment: initial; background-origin: initial; background-clip: initial; width: 360px; border-top: 1px solid rgb(238, 238, 238);\"><span style=\"margin: 0px; padding: 5px 0px; display: table-cell; width: 144px; vertical-align: top; color: rgb(102, 102, 102);\">Kích thước:</span><div style=\"margin: 0px; padding: 6px 5px; display: table-cell; width: auto; vertical-align: top;\"><span style=\"margin: 0px; padding: 0px;\">Dài 13.9 cm - Ngang 7.09 cm - Dày 1.6 cm</span></div></li><li class=\"g21150 \" style=\"margin: 0px; padding: 5px 0px; display: table; background-image: initial; background-position: initial; background-size: initial; background-repeat: initial; background-attachment: initial; background-origin: initial; background-clip: initial; width: 360px; border-top: 1px solid rgb(238, 238, 238);\"><span style=\"margin: 0px; padding: 5px 0px; display: table-cell; width: 144px; vertical-align: top; color: rgb(102, 102, 102);\">Trọng lượng:</span><div style=\"margin: 0px; padding: 6px 5px; display: table-cell; width: auto; vertical-align: top;\"><span style=\"margin: 0px; padding: 0px;\">228 g</span></div></li><li class=\"g14787 \" style=\"margin: 0px; padding: 5px 0px; display: table; background-image: initial; background-position: initial; background-size: initial; background-repeat: initial; background-attachment: initial; background-origin: initial; background-clip: initial; width: 360px; border-top: 1px solid rgb(238, 238, 238); border-bottom: 0px;\"><span style=\"margin: 0px; padding: 5px 0px; display: table-cell; width: 144px; vertical-align: top; color: rgb(102, 102, 102);\">Sản xuất tại:</span><div style=\"margin: 0px; padding: 6px 5px; display: table-cell; width: auto; vertical-align: top;\"><span style=\"margin: 0px; padding: 0px;\">Trung Quốc</span></div></li></ul>', '2020-07-23 16:14:58'),
(29, 37, 3, 'Sạc dự phòng 15.000 mAh', 850000, 10, 'img/products/sac-du-phong-15000mah-type-c-xmobile-pj-jp200-xam-1-1-600x600.jpg', '/img/products/sac-du-phong-15000mah-type-c-xmobile-pj-jp200-xam-4-1-org.jpg', '/img/products/sac-du-phong-15000mah-type-c-xmobile-pj-jp200-xam-5-org.jpg', 1, '', '', '', '', '', '', '', '', '', 0, 0, 1, '<h2 style=\"margin-right: 0px; margin-bottom: 0px; margin-left: 0px; padding: 0px; font-variant-numeric: normal; font-variant-east-asian: normal; font-stretch: normal; font-size: 20px; line-height: 1.3em; font-family: Helvetica, Arial, \"DejaVu Sans\", \"Liberation Sans\", Freesans, sans-serif; color: rgb(51, 51, 51); outline: none; zoom: 1;\">Thông số kỹ thuật</h2><ul class=\"parameter tableparameter_acc\" style=\"margin-right: 0px; margin-bottom: 0px; margin-left: 0px; padding: 10px 0px 0px; list-style: none; position: relative; overflow: hidden; background-image: initial; background-position: initial; background-size: initial; background-repeat: initial; background-attachment: initial; background-origin: initial; background-clip: initial; color: rgb(51, 51, 51); font-family: Helvetica, Arial, \"DejaVu Sans\", \"Liberation Sans\", Freesans, sans-serif; font-size: 14px;\"><li class=\"g7619 \" style=\"margin: 0px; padding: 5px 0px; display: table; background-image: initial; background-position: initial; background-size: initial; background-repeat: initial; background-attachment: initial; background-origin: initial; background-clip: initial; width: 360px; border-top: 1px solid rgb(238, 238, 238);\"><span style=\"margin: 0px; padding: 5px 0px; display: table-cell; width: 144px; vertical-align: top; color: rgb(102, 102, 102);\"><a href=\"https://www.thegioididong.com/hoi-dap/hieu-suat-sac-cua-pin-sac-du-phong-co-y-nghia-gi-1198538\" target=\"_blank\" style=\"margin: 0px; padding: 0px; color: rgb(40, 138, 214);\">Hiệu suất sạc:</a></span><div style=\"margin: 0px; padding: 6px 5px; display: table-cell; width: auto; vertical-align: top;\"><span style=\"margin: 0px; padding: 0px;\">65%</span></div></li><li class=\"g23370 \" style=\"margin: 0px; padding: 5px 0px; display: table; background-image: initial; background-position: initial; background-size: initial; background-repeat: initial; background-attachment: initial; background-origin: initial; background-clip: initial; width: 360px; border-top: 1px solid rgb(238, 238, 238);\"><span style=\"margin: 0px; padding: 5px 0px; display: table-cell; width: 144px; vertical-align: top; color: rgb(102, 102, 102);\">Dung lượng pin:</span><div style=\"margin: 0px; padding: 6px 5px; display: table-cell; width: auto; vertical-align: top;\"><span style=\"margin: 0px; padding: 0px;\">15.000 mAh</span></div></li><li class=\"g6440 \" style=\"margin: 0px; padding: 5px 0px; display: table; background-image: initial; background-position: initial; background-size: initial; background-repeat: initial; background-attachment: initial; background-origin: initial; background-clip: initial; width: 360px; border-top: 1px solid rgb(238, 238, 238);\"><span style=\"margin: 0px; padding: 5px 0px; display: table-cell; width: 144px; vertical-align: top; color: rgb(102, 102, 102);\">Thời gian sạc đầy pin:</span><div style=\"margin: 0px; padding: 6px 5px; display: table-cell; width: auto; vertical-align: top;\"><span style=\"margin: 0px; padding: 0px;\">10 - 11 giờ (dùng Adapter 1A)</span><span style=\"margin: 0px; padding: 0px;\">5 - 6 giờ (dùng Adapter 2A)</span></div></li><li class=\"g6441 \" style=\"margin: 0px; padding: 5px 0px; display: table; background-image: initial; background-position: initial; background-size: initial; background-repeat: initial; background-attachment: initial; background-origin: initial; background-clip: initial; width: 360px; border-top: 1px solid rgb(238, 238, 238);\"><span style=\"margin: 0px; padding: 5px 0px; display: table-cell; width: 144px; vertical-align: top; color: rgb(102, 102, 102);\">Nguồn vào:</span><div style=\"margin: 0px; padding: 6px 5px; display: table-cell; width: auto; vertical-align: top;\"><span style=\"margin: 0px; padding: 0px;\">Micro USB/Lightning: 5V - 2A</span></div></li><li class=\"g21149 \" style=\"margin: 0px; padding: 5px 0px; display: table; background-image: initial; background-position: initial; background-size: initial; background-repeat: initial; background-attachment: initial; background-origin: initial; background-clip: initial; width: 360px; border-top: 1px solid rgb(238, 238, 238);\"><span style=\"margin: 0px; padding: 5px 0px; display: table-cell; width: 144px; vertical-align: top; color: rgb(102, 102, 102);\">Nguồn ra:</span><div style=\"margin: 0px; padding: 6px 5px; display: table-cell; width: auto; vertical-align: top;\"><span style=\"margin: 0px; padding: 0px;\">USB: 5V - 2A</span></div></li><li class=\"g12099 \" style=\"margin: 0px; padding: 5px 0px; display: table; background-image: initial; background-position: initial; background-size: initial; background-repeat: initial; background-attachment: initial; background-origin: initial; background-clip: initial; width: 360px; border-top: 1px solid rgb(238, 238, 238);\"><span style=\"margin: 0px; padding: 5px 0px; display: table-cell; width: 144px; vertical-align: top; color: rgb(102, 102, 102);\">Lõi pin:</span><div style=\"margin: 0px; padding: 6px 5px; display: table-cell; width: auto; vertical-align: top;\"><span style=\"margin: 0px; padding: 0px;\"><a href=\"https://www.thegioididong.com/hoi-dap/so-sanh-pin-li-ion-va-pin-li-po-651833#lipo\" target=\"_blank\" style=\"margin: 0px; padding: 0px; color: rgb(40, 138, 214);\">Pin Polymer (Li-Po)</a></span></div></li><li class=\"g21148 \" style=\"margin: 0px; padding: 5px 0px; display: table; background-image: initial; background-position: initial; background-size: initial; background-repeat: initial; background-attachment: initial; background-origin: initial; background-clip: initial; width: 360px; border-top: 1px solid rgb(238, 238, 238);\"><span style=\"margin: 0px; padding: 5px 0px; display: table-cell; width: 144px; vertical-align: top; color: rgb(102, 102, 102);\">Công nghệ/Tiện ích:</span><div style=\"margin: 0px; padding: 6px 5px; display: table-cell; width: auto; vertical-align: top;\"><span style=\"margin: 0px; padding: 0px;\">Đèn LED báo hiệu</span></div></li><li class=\"g8942 \" style=\"margin: 0px; padding: 5px 0px; display: table; background-image: initial; background-position: initial; background-size: initial; background-repeat: initial; background-attachment: initial; background-origin: initial; background-clip: initial; width: 360px; border-top: 1px solid rgb(238, 238, 238);\"><span style=\"margin: 0px; padding: 5px 0px; display: table-cell; width: 144px; vertical-align: top; color: rgb(102, 102, 102);\">Kích thước:</span><div style=\"margin: 0px; padding: 6px 5px; display: table-cell; width: auto; vertical-align: top;\"><span style=\"margin: 0px; padding: 0px;\">Dài 13.9 cm - Ngang 7.09 cm - Dày 1.6 cm</span></div></li><li class=\"g21150 \" style=\"margin: 0px; padding: 5px 0px; display: table; background-image: initial; background-position: initial; background-size: initial; background-repeat: initial; background-attachment: initial; background-origin: initial; background-clip: initial; width: 360px; border-top: 1px solid rgb(238, 238, 238);\"><span style=\"margin: 0px; padding: 5px 0px; display: table-cell; width: 144px; vertical-align: top; color: rgb(102, 102, 102);\">Trọng lượng:</span><div style=\"margin: 0px; padding: 6px 5px; display: table-cell; width: auto; vertical-align: top;\"><span style=\"margin: 0px; padding: 0px;\">228 g</span></div></li><li class=\"g14787 \" style=\"margin: 0px; padding: 5px 0px; display: table; background-image: initial; background-position: initial; background-size: initial; background-repeat: initial; background-attachment: initial; background-origin: initial; background-clip: initial; width: 360px; border-top: 1px solid rgb(238, 238, 238); border-bottom: 0px;\"><span style=\"margin: 0px; padding: 5px 0px; display: table-cell; width: 144px; vertical-align: top; color: rgb(102, 102, 102);\">Sản xuất tại:</span><div style=\"margin: 0px; padding: 6px 5px; display: table-cell; width: auto; vertical-align: top;\"><span style=\"margin: 0px; padding: 0px;\">Trung Quốc</span></div></li></ul>', '2020-07-23 16:16:20'),
(30, 36, 3, 'Sạc dự phòng 10.000mAh', 490000, 0, 'img/products/sac-du-phong-polymer-10000mah-type-c-aukey-pb-xn10-1-1-600x600.jpg', '/img/products/sac-du-phong-polymer-10000mah-type-c-aukey-pb-xn10-3-org.jpg', '/img/products/sac-du-phong-polymer-10000mah-type-c-aukey-pb-xn10-4-org.jpg', 1, '', '', '', '', '', '', '', '', '', 0, 0, 1, '<h2 style=\"margin-right: 0px; margin-bottom: 0px; margin-left: 0px; padding: 0px; font-variant-numeric: normal; font-variant-east-asian: normal; font-stretch: normal; font-size: 20px; line-height: 1.3em; font-family: Helvetica, Arial, &quot;DejaVu Sans&quot;, &quot;Liberation Sans&quot;, Freesans, sans-serif; color: rgb(51, 51, 51); outline: none; zoom: 1;\">Thông số kỹ thuật</h2><ul class=\"parameter tableparameter_acc\" style=\"margin-right: 0px; margin-bottom: 0px; margin-left: 0px; padding: 10px 0px 0px; list-style: none; position: relative; overflow: hidden; background-image: initial; background-position: initial; background-size: initial; background-repeat: initial; background-attachment: initial; background-origin: initial; background-clip: initial; color: rgb(51, 51, 51); font-family: Helvetica, Arial, &quot;DejaVu Sans&quot;, &quot;Liberation Sans&quot;, Freesans, sans-serif; font-size: 14px;\"><li class=\"g7619 \" style=\"margin: 0px; padding: 5px 0px; display: table; background-image: initial; background-position: initial; background-size: initial; background-repeat: initial; background-attachment: initial; background-origin: initial; background-clip: initial; width: 360px; border-top: 1px solid rgb(238, 238, 238);\"><span style=\"margin: 0px; padding: 5px 0px; display: table-cell; width: 144px; vertical-align: top; color: rgb(102, 102, 102);\"><a href=\"https://www.thegioididong.com/hoi-dap/hieu-suat-sac-cua-pin-sac-du-phong-co-y-nghia-gi-1198538\" target=\"_blank\" style=\"margin: 0px; padding: 0px; color: rgb(40, 138, 214);\">Hiệu suất sạc:</a></span><div style=\"margin: 0px; padding: 6px 5px; display: table-cell; width: auto; vertical-align: top;\"><span style=\"margin: 0px; padding: 0px;\">65%</span></div></li><li class=\"g23370 \" style=\"margin: 0px; padding: 5px 0px; display: table; background-image: initial; background-position: initial; background-size: initial; background-repeat: initial; background-attachment: initial; background-origin: initial; background-clip: initial; width: 360px; border-top: 1px solid rgb(238, 238, 238);\"><span style=\"margin: 0px; padding: 5px 0px; display: table-cell; width: 144px; vertical-align: top; color: rgb(102, 102, 102);\">Dung lượng pin:</span><div style=\"margin: 0px; padding: 6px 5px; display: table-cell; width: auto; vertical-align: top;\"><span style=\"margin: 0px; padding: 0px;\">10.000 mAh</span></div></li><li class=\"g6440 \" style=\"margin: 0px; padding: 5px 0px; display: table; background-image: initial; background-position: initial; background-size: initial; background-repeat: initial; background-attachment: initial; background-origin: initial; background-clip: initial; width: 360px; border-top: 1px solid rgb(238, 238, 238);\"><span style=\"margin: 0px; padding: 5px 0px; display: table-cell; width: 144px; vertical-align: top; color: rgb(102, 102, 102);\">Thời gian sạc đầy pin:</span><div style=\"margin: 0px; padding: 6px 5px; display: table-cell; width: auto; vertical-align: top;\"><span style=\"margin: 0px; padding: 0px;\">10 - 11 giờ (dùng Adapter 1A)</span><span style=\"margin: 0px; padding: 0px;\">5 - 6 giờ (dùng Adapter 2A)</span></div></li><li class=\"g6441 \" style=\"margin: 0px; padding: 5px 0px; display: table; background-image: initial; background-position: initial; background-size: initial; background-repeat: initial; background-attachment: initial; background-origin: initial; background-clip: initial; width: 360px; border-top: 1px solid rgb(238, 238, 238);\"><span style=\"margin: 0px; padding: 5px 0px; display: table-cell; width: 144px; vertical-align: top; color: rgb(102, 102, 102);\">Nguồn vào:</span><div style=\"margin: 0px; padding: 6px 5px; display: table-cell; width: auto; vertical-align: top;\"><span style=\"margin: 0px; padding: 0px;\">Micro USB/Lightning: 5V - 2A</span></div></li><li class=\"g21149 \" style=\"margin: 0px; padding: 5px 0px; display: table; background-image: initial; background-position: initial; background-size: initial; background-repeat: initial; background-attachment: initial; background-origin: initial; background-clip: initial; width: 360px; border-top: 1px solid rgb(238, 238, 238);\"><span style=\"margin: 0px; padding: 5px 0px; display: table-cell; width: 144px; vertical-align: top; color: rgb(102, 102, 102);\">Nguồn ra:</span><div style=\"margin: 0px; padding: 6px 5px; display: table-cell; width: auto; vertical-align: top;\"><span style=\"margin: 0px; padding: 0px;\">USB: 5V - 2A</span></div></li><li class=\"g12099 \" style=\"margin: 0px; padding: 5px 0px; display: table; background-image: initial; background-position: initial; background-size: initial; background-repeat: initial; background-attachment: initial; background-origin: initial; background-clip: initial; width: 360px; border-top: 1px solid rgb(238, 238, 238);\"><span style=\"margin: 0px; padding: 5px 0px; display: table-cell; width: 144px; vertical-align: top; color: rgb(102, 102, 102);\">Lõi pin:</span><div style=\"margin: 0px; padding: 6px 5px; display: table-cell; width: auto; vertical-align: top;\"><span style=\"margin: 0px; padding: 0px;\"><a href=\"https://www.thegioididong.com/hoi-dap/so-sanh-pin-li-ion-va-pin-li-po-651833#lipo\" target=\"_blank\" style=\"margin: 0px; padding: 0px; color: rgb(40, 138, 214);\">Pin Polymer (Li-Po)</a></span></div></li><li class=\"g21148 \" style=\"margin: 0px; padding: 5px 0px; display: table; background-image: initial; background-position: initial; background-size: initial; background-repeat: initial; background-attachment: initial; background-origin: initial; background-clip: initial; width: 360px; border-top: 1px solid rgb(238, 238, 238);\"><span style=\"margin: 0px; padding: 5px 0px; display: table-cell; width: 144px; vertical-align: top; color: rgb(102, 102, 102);\">Công nghệ/Tiện ích:</span><div style=\"margin: 0px; padding: 6px 5px; display: table-cell; width: auto; vertical-align: top;\"><span style=\"margin: 0px; padding: 0px;\">Đèn LED báo hiệu</span></div></li><li class=\"g8942 \" style=\"margin: 0px; padding: 5px 0px; display: table; background-image: initial; background-position: initial; background-size: initial; background-repeat: initial; background-attachment: initial; background-origin: initial; background-clip: initial; width: 360px; border-top: 1px solid rgb(238, 238, 238);\"><span style=\"margin: 0px; padding: 5px 0px; display: table-cell; width: 144px; vertical-align: top; color: rgb(102, 102, 102);\">Kích thước:</span><div style=\"margin: 0px; padding: 6px 5px; display: table-cell; width: auto; vertical-align: top;\"><span style=\"margin: 0px; padding: 0px;\">Dài 13.9 cm - Ngang 7.09 cm - Dày 1.6 cm</span></div></li><li class=\"g21150 \" style=\"margin: 0px; padding: 5px 0px; display: table; background-image: initial; background-position: initial; background-size: initial; background-repeat: initial; background-attachment: initial; background-origin: initial; background-clip: initial; width: 360px; border-top: 1px solid rgb(238, 238, 238);\"><span style=\"margin: 0px; padding: 5px 0px; display: table-cell; width: 144px; vertical-align: top; color: rgb(102, 102, 102);\">Trọng lượng:</span><div style=\"margin: 0px; padding: 6px 5px; display: table-cell; width: auto; vertical-align: top;\"><span style=\"margin: 0px; padding: 0px;\">228 g</span></div></li><li class=\"g14787 \" style=\"margin: 0px; padding: 5px 0px; display: table; background-image: initial; background-position: initial; background-size: initial; background-repeat: initial; background-attachment: initial; background-origin: initial; background-clip: initial; width: 360px; border-top: 1px solid rgb(238, 238, 238); border-bottom: 0px;\"><span style=\"margin: 0px; padding: 5px 0px; display: table-cell; width: 144px; vertical-align: top; color: rgb(102, 102, 102);\">Sản xuất tại:</span><div style=\"margin: 0px; padding: 6px 5px; display: table-cell; width: auto; vertical-align: top;\"><span style=\"margin: 0px; padding: 0px;\">Trung Quốc</span></div></li></ul>', '2020-07-23 16:16:15');
INSERT INTO `sanpham` (`MaSP`, `MaLSP`, `MaDM`, `TenSP`, `DonGia`, `SoLuong`, `HinhAnh1`, `HinhAnh2`, `HinhAnh3`, `MaKM`, `ManHinh`, `HDH`, `CamSau`, `CamTruoc`, `CPU`, `Ram`, `Rom`, `SDCard`, `Pin`, `SoSao`, `SoDanhGia`, `TrangThai`, `MoTa`, `ThoiGian`) VALUES
(31, 32, 3, 'Sạc dự phòng 10.000mAh', 850000, 10, 'img/products/pin-sac-du-phong-polymer-10000mah-lightning-esaver-add-1-600x600.jpg', '/img/products/pin-sac-du-phong-polymer-10000mah-lightning-esaver-3-org.jpg', '/img/products/pin-sac-du-phong-polymer-10000mah-lightning-esaver-4-org.jpg', 1, '', '', '', '', '', '', '', '', '', 0, 0, 1, '<h2 style=\"margin-right: 0px; margin-bottom: 0px; margin-left: 0px; padding: 0px; font-variant-numeric: normal; font-variant-east-asian: normal; font-stretch: normal; font-size: 20px; line-height: 1.3em; font-family: Helvetica, Arial, &quot;DejaVu Sans&quot;, &quot;Liberation Sans&quot;, Freesans, sans-serif; color: rgb(51, 51, 51); outline: none; zoom: 1;\">Thông số kỹ thuật</h2><ul class=\"parameter tableparameter_acc\" style=\"margin-right: 0px; margin-bottom: 0px; margin-left: 0px; padding: 10px 0px 0px; list-style: none; position: relative; overflow: hidden; background-image: initial; background-position: initial; background-size: initial; background-repeat: initial; background-attachment: initial; background-origin: initial; background-clip: initial; color: rgb(51, 51, 51); font-family: Helvetica, Arial, &quot;DejaVu Sans&quot;, &quot;Liberation Sans&quot;, Freesans, sans-serif; font-size: 14px;\"><li class=\"g7619 \" style=\"margin: 0px; padding: 5px 0px; display: table; background-image: initial; background-position: initial; background-size: initial; background-repeat: initial; background-attachment: initial; background-origin: initial; background-clip: initial; width: 360px; border-top: 1px solid rgb(238, 238, 238);\"><span style=\"margin: 0px; padding: 5px 0px; display: table-cell; width: 144px; vertical-align: top; color: rgb(102, 102, 102);\"><a href=\"https://www.thegioididong.com/hoi-dap/hieu-suat-sac-cua-pin-sac-du-phong-co-y-nghia-gi-1198538\" target=\"_blank\" style=\"margin: 0px; padding: 0px; color: rgb(40, 138, 214);\">Hiệu suất sạc:</a></span><div style=\"margin: 0px; padding: 6px 5px; display: table-cell; width: auto; vertical-align: top;\"><span style=\"margin: 0px; padding: 0px;\">64%</span></div></li><li class=\"g23370 \" style=\"margin: 0px; padding: 5px 0px; display: table; background-image: initial; background-position: initial; background-size: initial; background-repeat: initial; background-attachment: initial; background-origin: initial; background-clip: initial; width: 360px; border-top: 1px solid rgb(238, 238, 238);\"><span style=\"margin: 0px; padding: 5px 0px; display: table-cell; width: 144px; vertical-align: top; color: rgb(102, 102, 102);\">Dung lượng pin:</span><div style=\"margin: 0px; padding: 6px 5px; display: table-cell; width: auto; vertical-align: top;\"><span style=\"margin: 0px; padding: 0px;\">10.000 mAh</span></div></li><li class=\"g6440 \" style=\"margin: 0px; padding: 5px 0px; display: table; background-image: initial; background-position: initial; background-size: initial; background-repeat: initial; background-attachment: initial; background-origin: initial; background-clip: initial; width: 360px; border-top: 1px solid rgb(238, 238, 238);\"><span style=\"margin: 0px; padding: 5px 0px; display: table-cell; width: 144px; vertical-align: top; color: rgb(102, 102, 102);\">Thời gian sạc đầy pin:</span><div style=\"margin: 0px; padding: 6px 5px; display: table-cell; width: auto; vertical-align: top;\"><span style=\"margin: 0px; padding: 0px;\">10 - 11 giờ (dùng Adapter 1A)</span><span style=\"margin: 0px; padding: 0px;\">5 - 6 giờ (dùng Adapter 2A)</span></div></li><li class=\"g6441 \" style=\"margin: 0px; padding: 5px 0px; display: table; background-image: initial; background-position: initial; background-size: initial; background-repeat: initial; background-attachment: initial; background-origin: initial; background-clip: initial; width: 360px; border-top: 1px solid rgb(238, 238, 238);\"><span style=\"margin: 0px; padding: 5px 0px; display: table-cell; width: 144px; vertical-align: top; color: rgb(102, 102, 102);\">Nguồn vào:</span><div style=\"margin: 0px; padding: 6px 5px; display: table-cell; width: auto; vertical-align: top;\"><span style=\"margin: 0px; padding: 0px;\">Micro USB: 5V - 2A</span></div></li><li class=\"g21149 \" style=\"margin: 0px; padding: 5px 0px; display: table; background-image: initial; background-position: initial; background-size: initial; background-repeat: initial; background-attachment: initial; background-origin: initial; background-clip: initial; width: 360px; border-top: 1px solid rgb(238, 238, 238);\"><span style=\"margin: 0px; padding: 5px 0px; display: table-cell; width: 144px; vertical-align: top; color: rgb(102, 102, 102);\">Nguồn ra:</span><div style=\"margin: 0px; padding: 6px 5px; display: table-cell; width: auto; vertical-align: top;\"><span style=\"margin: 0px; padding: 0px;\">USB: 5V - 2.1A</span></div></li><li class=\"g12099 \" style=\"margin: 0px; padding: 5px 0px; display: table; background-image: initial; background-position: initial; background-size: initial; background-repeat: initial; background-attachment: initial; background-origin: initial; background-clip: initial; width: 360px; border-top: 1px solid rgb(238, 238, 238);\"><span style=\"margin: 0px; padding: 5px 0px; display: table-cell; width: 144px; vertical-align: top; color: rgb(102, 102, 102);\">Lõi pin:</span><div style=\"margin: 0px; padding: 6px 5px; display: table-cell; width: auto; vertical-align: top;\"><span style=\"margin: 0px; padding: 0px;\"><a href=\"https://www.thegioididong.com/hoi-dap/so-sanh-pin-li-ion-va-pin-li-po-651833#lipo\" target=\"_blank\" style=\"margin: 0px; padding: 0px; color: rgb(40, 138, 214);\">Pin Polymer (Li-Po)</a></span></div></li><li class=\"g21148 \" style=\"margin: 0px; padding: 5px 0px; display: table; background-image: initial; background-position: initial; background-size: initial; background-repeat: initial; background-attachment: initial; background-origin: initial; background-clip: initial; width: 360px; border-top: 1px solid rgb(238, 238, 238);\"><span style=\"margin: 0px; padding: 5px 0px; display: table-cell; width: 144px; vertical-align: top; color: rgb(102, 102, 102);\">Công nghệ/Tiện ích:</span><div style=\"margin: 0px; padding: 6px 5px; display: table-cell; width: auto; vertical-align: top;\"><span style=\"margin: 0px; padding: 0px;\">Đèn LED báo hiệu</span></div></li><li class=\"g8942 \" style=\"margin: 0px; padding: 5px 0px; display: table; background-image: initial; background-position: initial; background-size: initial; background-repeat: initial; background-attachment: initial; background-origin: initial; background-clip: initial; width: 360px; border-top: 1px solid rgb(238, 238, 238);\"><span style=\"margin: 0px; padding: 5px 0px; display: table-cell; width: 144px; vertical-align: top; color: rgb(102, 102, 102);\">Kích thước:</span><div style=\"margin: 0px; padding: 6px 5px; display: table-cell; width: auto; vertical-align: top;\"><span style=\"margin: 0px; padding: 0px;\">Dài 14.3 cm - ngang 7.5 cm - Dày 1.5 cm</span></div></li><li class=\"g21150 \" style=\"margin: 0px; padding: 5px 0px; display: table; background-image: initial; background-position: initial; background-size: initial; background-repeat: initial; background-attachment: initial; background-origin: initial; background-clip: initial; width: 360px; border-top: 1px solid rgb(238, 238, 238);\"><span style=\"margin: 0px; padding: 5px 0px; display: table-cell; width: 144px; vertical-align: top; color: rgb(102, 102, 102);\">Trọng lượng:</span><div style=\"margin: 0px; padding: 6px 5px; display: table-cell; width: auto; vertical-align: top;\"><span style=\"margin: 0px; padding: 0px;\">233g</span></div></li><li class=\"g20963 \" style=\"margin: 0px; padding: 5px 0px; display: table; background-image: initial; background-position: initial; background-size: initial; background-repeat: initial; background-attachment: initial; background-origin: initial; background-clip: initial; width: 360px; border-top: 1px solid rgb(238, 238, 238); border-bottom: 0px;\"><span style=\"margin: 0px; padding: 5px 0px; display: table-cell; width: 144px; vertical-align: top; color: rgb(102, 102, 102);\">Thương hiệu của:</span><div style=\"margin: 0px; padding: 6px 5px; display: table-cell; width: auto; vertical-align: top;\"><span style=\"margin: 0px; padding: 0px;\">Thế Giới Di Động</span></div></li><li class=\"g14787 \" style=\"margin: 0px; padding: 5px 0px; display: table; background-image: initial; background-position: initial; background-size: initial; background-repeat: initial; background-attachment: initial; background-origin: initial; background-clip: initial; width: 360px; border-top: 1px solid rgb(238, 238, 238); border-bottom: 0px;\"><span style=\"margin: 0px; padding: 5px 0px; display: table-cell; width: 144px; vertical-align: top; color: rgb(102, 102, 102);\">Sản xuất tại:</span><div style=\"margin: 0px; padding: 6px 5px; display: table-cell; width: auto; vertical-align: top;\"><span style=\"margin: 0px; padding: 0px;\">Trung Quốc</span></div></li></ul>', '2020-07-23 16:21:59'),
(32, 34, 3, 'Sạc dự phòng 10.000mAh', 700000, 10, 'img/products/sac-du-phong-10000mah-type-c-qc30-mbest-ds506-wb-ava-1-600x600.jpg', '/img/products/sac-du-phong-10000mah-type-c-qc30-mbest-ds506-wb-5-2-org.jpg', '/img/products/sac-du-phong-10000mah-type-c-qc30-mbest-ds506-wb-4-2-org.jpg', 1, '', '', '', '', '', '', '', '', '', 0, 0, 1, '<h2 style=\"margin-right: 0px; margin-bottom: 0px; margin-left: 0px; padding: 0px; font-variant-numeric: normal; font-variant-east-asian: normal; font-stretch: normal; font-size: 20px; line-height: 1.3em; font-family: Helvetica, Arial, &quot;DejaVu Sans&quot;, &quot;Liberation Sans&quot;, Freesans, sans-serif; color: rgb(51, 51, 51); outline: none; zoom: 1;\">Thông số kỹ thuật</h2><ul class=\"parameter tableparameter_acc\" style=\"margin-right: 0px; margin-bottom: 0px; margin-left: 0px; padding: 10px 0px 0px; list-style: none; position: relative; overflow: hidden; background-image: initial; background-position: initial; background-size: initial; background-repeat: initial; background-attachment: initial; background-origin: initial; background-clip: initial; color: rgb(51, 51, 51); font-family: Helvetica, Arial, &quot;DejaVu Sans&quot;, &quot;Liberation Sans&quot;, Freesans, sans-serif; font-size: 14px;\"><li class=\"g7619 \" style=\"margin: 0px; padding: 5px 0px; display: table; background-image: initial; background-position: initial; background-size: initial; background-repeat: initial; background-attachment: initial; background-origin: initial; background-clip: initial; width: 360px; border-top: 1px solid rgb(238, 238, 238);\"><span style=\"margin: 0px; padding: 5px 0px; display: table-cell; width: 144px; vertical-align: top; color: rgb(102, 102, 102);\"><a href=\"https://www.thegioididong.com/hoi-dap/hieu-suat-sac-cua-pin-sac-du-phong-co-y-nghia-gi-1198538\" target=\"_blank\" style=\"margin: 0px; padding: 0px; color: rgb(40, 138, 214);\">Hiệu suất sạc:</a></span><div style=\"margin: 0px; padding: 6px 5px; display: table-cell; width: auto; vertical-align: top;\"><span style=\"margin: 0px; padding: 0px;\">65%</span></div></li><li class=\"g23370 \" style=\"margin: 0px; padding: 5px 0px; display: table; background-image: initial; background-position: initial; background-size: initial; background-repeat: initial; background-attachment: initial; background-origin: initial; background-clip: initial; width: 360px; border-top: 1px solid rgb(238, 238, 238);\"><span style=\"margin: 0px; padding: 5px 0px; display: table-cell; width: 144px; vertical-align: top; color: rgb(102, 102, 102);\">Dung lượng pin:</span><div style=\"margin: 0px; padding: 6px 5px; display: table-cell; width: auto; vertical-align: top;\"><span style=\"margin: 0px; padding: 0px;\">10.000 mAh</span></div></li><li class=\"g6440 \" style=\"margin: 0px; padding: 5px 0px; display: table; background-image: initial; background-position: initial; background-size: initial; background-repeat: initial; background-attachment: initial; background-origin: initial; background-clip: initial; width: 360px; border-top: 1px solid rgb(238, 238, 238);\"><span style=\"margin: 0px; padding: 5px 0px; display: table-cell; width: 144px; vertical-align: top; color: rgb(102, 102, 102);\">Thời gian sạc đầy pin:</span><div style=\"margin: 0px; padding: 6px 5px; display: table-cell; width: auto; vertical-align: top;\"><span style=\"margin: 0px; padding: 0px;\">10 - 11 giờ (dùng Adapter 1A)</span><span style=\"margin: 0px; padding: 0px;\">5 - 6 giờ (dùng Adapter 2A)</span></div></li><li class=\"g6441 \" style=\"margin: 0px; padding: 5px 0px; display: table; background-image: initial; background-position: initial; background-size: initial; background-repeat: initial; background-attachment: initial; background-origin: initial; background-clip: initial; width: 360px; border-top: 1px solid rgb(238, 238, 238);\"><span style=\"margin: 0px; padding: 5px 0px; display: table-cell; width: 144px; vertical-align: top; color: rgb(102, 102, 102);\">Nguồn vào:</span><div style=\"margin: 0px; padding: 6px 5px; display: table-cell; width: auto; vertical-align: top;\"><span style=\"margin: 0px; padding: 0px;\">Micro USB/Lightning: 5V - 2A</span></div></li><li class=\"g21149 \" style=\"margin: 0px; padding: 5px 0px; display: table; background-image: initial; background-position: initial; background-size: initial; background-repeat: initial; background-attachment: initial; background-origin: initial; background-clip: initial; width: 360px; border-top: 1px solid rgb(238, 238, 238);\"><span style=\"margin: 0px; padding: 5px 0px; display: table-cell; width: 144px; vertical-align: top; color: rgb(102, 102, 102);\">Nguồn ra:</span><div style=\"margin: 0px; padding: 6px 5px; display: table-cell; width: auto; vertical-align: top;\"><span style=\"margin: 0px; padding: 0px;\">USB: 5V - 2A</span></div></li><li class=\"g12099 \" style=\"margin: 0px; padding: 5px 0px; display: table; background-image: initial; background-position: initial; background-size: initial; background-repeat: initial; background-attachment: initial; background-origin: initial; background-clip: initial; width: 360px; border-top: 1px solid rgb(238, 238, 238);\"><span style=\"margin: 0px; padding: 5px 0px; display: table-cell; width: 144px; vertical-align: top; color: rgb(102, 102, 102);\">Lõi pin:</span><div style=\"margin: 0px; padding: 6px 5px; display: table-cell; width: auto; vertical-align: top;\"><span style=\"margin: 0px; padding: 0px;\"><a href=\"https://www.thegioididong.com/hoi-dap/so-sanh-pin-li-ion-va-pin-li-po-651833#lipo\" target=\"_blank\" style=\"margin: 0px; padding: 0px; color: rgb(40, 138, 214);\">Pin Polymer (Li-Po)</a></span></div></li><li class=\"g21148 \" style=\"margin: 0px; padding: 5px 0px; display: table; background-image: initial; background-position: initial; background-size: initial; background-repeat: initial; background-attachment: initial; background-origin: initial; background-clip: initial; width: 360px; border-top: 1px solid rgb(238, 238, 238);\"><span style=\"margin: 0px; padding: 5px 0px; display: table-cell; width: 144px; vertical-align: top; color: rgb(102, 102, 102);\">Công nghệ/Tiện ích:</span><div style=\"margin: 0px; padding: 6px 5px; display: table-cell; width: auto; vertical-align: top;\"><span style=\"margin: 0px; padding: 0px;\">Đèn LED báo hiệu</span></div></li><li class=\"g8942 \" style=\"margin: 0px; padding: 5px 0px; display: table; background-image: initial; background-position: initial; background-size: initial; background-repeat: initial; background-attachment: initial; background-origin: initial; background-clip: initial; width: 360px; border-top: 1px solid rgb(238, 238, 238);\"><span style=\"margin: 0px; padding: 5px 0px; display: table-cell; width: 144px; vertical-align: top; color: rgb(102, 102, 102);\">Kích thước:</span><div style=\"margin: 0px; padding: 6px 5px; display: table-cell; width: auto; vertical-align: top;\"><span style=\"margin: 0px; padding: 0px;\">Dài 13.9 cm - Ngang 7.09 cm - Dày 1.6 cm</span></div></li><li class=\"g21150 \" style=\"margin: 0px; padding: 5px 0px; display: table; background-image: initial; background-position: initial; background-size: initial; background-repeat: initial; background-attachment: initial; background-origin: initial; background-clip: initial; width: 360px; border-top: 1px solid rgb(238, 238, 238);\"><span style=\"margin: 0px; padding: 5px 0px; display: table-cell; width: 144px; vertical-align: top; color: rgb(102, 102, 102);\">Trọng lượng:</span><div style=\"margin: 0px; padding: 6px 5px; display: table-cell; width: auto; vertical-align: top;\"><span style=\"margin: 0px; padding: 0px;\">228 g</span></div></li><li class=\"g14787 \" style=\"margin: 0px; padding: 5px 0px; display: table; background-image: initial; background-position: initial; background-size: initial; background-repeat: initial; background-attachment: initial; background-origin: initial; background-clip: initial; width: 360px; border-top: 1px solid rgb(238, 238, 238); border-bottom: 0px;\"><span style=\"margin: 0px; padding: 5px 0px; display: table-cell; width: 144px; vertical-align: top; color: rgb(102, 102, 102);\">Sản xuất tại:</span><div style=\"margin: 0px; padding: 6px 5px; display: table-cell; width: auto; vertical-align: top;\"><span style=\"margin: 0px; padding: 0px;\">Trung Quốc</span></div></li></ul>', '2020-07-23 16:16:31'),
(33, 36, 3, 'Cáp Micro USB 1.2mAukey', 119000, 5, 'img/products/cap-micro-usb-12m-aukey-cb-am1-den-trang-1-600x600.jpg', '/img/products/cap-micro-usb-12m-aukey-cb-am1-den-trang-3-org.jpg', '/img/products/cap-micro-usb-12m-aukey-cb-am1-den-trang-4-org.jpg', 1, '', '', '', '', '', '', '', '', '', 0, 0, 1, '<h2 style=\"margin-right: 0px; margin-bottom: 0px; margin-left: 0px; padding: 0px; font-variant-numeric: normal; font-variant-east-asian: normal; font-stretch: normal; font-size: 20px; line-height: 1.3em; font-family: Helvetica, Arial, &quot;DejaVu Sans&quot;, &quot;Liberation Sans&quot;, Freesans, sans-serif; color: rgb(51, 51, 51); outline: none; zoom: 1;\">Thông số kỹ thuật</h2><ul class=\"parameter tableparameter_acc\" style=\"margin-right: 0px; margin-bottom: 0px; margin-left: 0px; padding: 10px 0px 0px; list-style: none; position: relative; overflow: hidden; background-image: initial; background-position: initial; background-size: initial; background-repeat: initial; background-attachment: initial; background-origin: initial; background-clip: initial; color: rgb(51, 51, 51); font-family: Helvetica, Arial, &quot;DejaVu Sans&quot;, &quot;Liberation Sans&quot;, Freesans, sans-serif; font-size: 14px;\"><li class=\"g12321 \" style=\"margin: 0px; padding: 5px 0px; display: table; background-image: initial; background-position: initial; background-size: initial; background-repeat: initial; background-attachment: initial; background-origin: initial; background-clip: initial; width: 360px; border-top: 1px solid rgb(238, 238, 238);\"><span style=\"margin: 0px; padding: 5px 0px; display: table-cell; width: 144px; vertical-align: top; color: rgb(102, 102, 102);\">Chức năng:</span><div style=\"margin: 0px; padding: 6px 5px; display: table-cell; width: auto; vertical-align: top;\"><span style=\"margin: 0px; padding: 0px;\">Sạc</span><span style=\"margin: 0px; padding: 0px;\">Truyền dữ liệu</span></div></li><li class=\"g8061 \" style=\"margin: 0px; padding: 5px 0px; display: table; background-image: initial; background-position: initial; background-size: initial; background-repeat: initial; background-attachment: initial; background-origin: initial; background-clip: initial; width: 360px; border-top: 1px solid rgb(238, 238, 238);\"><span style=\"margin: 0px; padding: 5px 0px; display: table-cell; width: 144px; vertical-align: top; color: rgb(102, 102, 102);\">Đầu ra:</span><div style=\"margin: 0px; padding: 6px 5px; display: table-cell; width: auto; vertical-align: top;\"><span style=\"margin: 0px; padding: 0px;\">Micro USB: 5V - 2A</span></div></li><li class=\"g8059 \" style=\"margin: 0px; padding: 5px 0px; display: table; background-image: initial; background-position: initial; background-size: initial; background-repeat: initial; background-attachment: initial; background-origin: initial; background-clip: initial; width: 360px; border-top: 1px solid rgb(238, 238, 238);\"><span style=\"margin: 0px; padding: 5px 0px; display: table-cell; width: 144px; vertical-align: top; color: rgb(102, 102, 102);\">Độ dài dây:</span><div style=\"margin: 0px; padding: 6px 5px; display: table-cell; width: auto; vertical-align: top;\"><span style=\"margin: 0px; padding: 0px;\">1 m</span></div></li><li class=\"g21338 \" style=\"margin: 0px; padding: 5px 0px; display: table; background-image: initial; background-position: initial; background-size: initial; background-repeat: initial; background-attachment: initial; background-origin: initial; background-clip: initial; width: 360px; border-top: 1px solid rgb(238, 238, 238);\"><span style=\"margin: 0px; padding: 5px 0px; display: table-cell; width: 144px; vertical-align: top; color: rgb(102, 102, 102);\">Thương hiệu của:</span><div style=\"margin: 0px; padding: 6px 5px; display: table-cell; width: auto; vertical-align: top;\"><span style=\"margin: 0px; padding: 0px;\">Thế Giới Di Động</span></div></li><li class=\"g14627 \" style=\"margin: 0px; padding: 5px 0px; display: table; background-image: initial; background-position: initial; background-size: initial; background-repeat: initial; background-attachment: initial; background-origin: initial; background-clip: initial; width: 360px; border-top: 1px solid rgb(238, 238, 238); border-bottom: 0px;\"><span style=\"margin: 0px; padding: 5px 0px; display: table-cell; width: 144px; vertical-align: top; color: rgb(102, 102, 102);\">Sản xuất tại:</span><div style=\"margin: 0px; padding: 6px 5px; display: table-cell; width: auto; vertical-align: top;\"><span style=\"margin: 0px; padding: 0px;\">Trung Quốc</span></div></li></ul><div class=\"callorder\" style=\"margin: -10px 0px 0px; padding: 0px 10px; overflow: hidden; font-size: 14px; color: rgb(51, 51, 51); font-family: Helvetica, Arial, \" dejavu=\"\" sans\",=\"\" \"liberation=\"\" freesans,=\"\" sans-serif;\"=\"\"></div>', '2020-07-23 16:17:13'),
(35, 32, 3, 'Sạc dây Nokia e.Saver X032', 50000, 0, 'img/products/sac-day-nokia-dau-nho-esaver-x032-trang-ava-600x600.jpg', '/img/products/sac-day-nokia-dau-nho-esaver-x032-trang-1-7-org.jpg', '/img/products/sac-day-nokia-dau-nho-esaver-x032-trang-3-1-org.jpg', 1, '', '', '', '', '', '', '', '', '', 0, 0, 1, '<h2 style=\"margin-right: 0px; margin-bottom: 0px; margin-left: 0px; padding: 0px; font-variant-numeric: normal; font-variant-east-asian: normal; font-stretch: normal; font-size: 20px; line-height: 1.3em; font-family: Helvetica, Arial, &quot;DejaVu Sans&quot;, &quot;Liberation Sans&quot;, Freesans, sans-serif; color: rgb(51, 51, 51); outline: none; zoom: 1;\">Thông số kỹ thuật</h2><ul class=\"parameter tableparameter_acc\" style=\"margin-right: 0px; margin-bottom: 0px; margin-left: 0px; padding: 10px 0px 0px; list-style: none; position: relative; overflow: hidden; background-image: initial; background-position: initial; background-size: initial; background-repeat: initial; background-attachment: initial; background-origin: initial; background-clip: initial; color: rgb(51, 51, 51); font-family: Helvetica, Arial, &quot;DejaVu Sans&quot;, &quot;Liberation Sans&quot;, Freesans, sans-serif; font-size: 14px;\"><li class=\"g12321 \" style=\"margin: 0px; padding: 5px 0px; display: table; background-image: initial; background-position: initial; background-size: initial; background-repeat: initial; background-attachment: initial; background-origin: initial; background-clip: initial; width: 360px; border-top: 1px solid rgb(238, 238, 238);\"><span style=\"margin: 0px; padding: 5px 0px; display: table-cell; width: 144px; vertical-align: top; color: rgb(102, 102, 102);\">Chức năng:</span><div style=\"margin: 0px; padding: 6px 5px; display: table-cell; width: auto; vertical-align: top;\"><span style=\"margin: 0px; padding: 0px;\">Sạc</span></div></li><li class=\"g8061 \" style=\"margin: 0px; padding: 5px 0px; display: table; background-image: initial; background-position: initial; background-size: initial; background-repeat: initial; background-attachment: initial; background-origin: initial; background-clip: initial; width: 360px; border-top: 1px solid rgb(238, 238, 238);\"><span style=\"margin: 0px; padding: 5px 0px; display: table-cell; width: 144px; vertical-align: top; color: rgb(102, 102, 102);\">Đầu ra:</span><div style=\"margin: 0px; padding: 6px 5px; display: table-cell; width: auto; vertical-align: top;\"><span style=\"margin: 0px; padding: 0px;\">USB: 5V - 2.4A</span></div></li><li class=\"g21338 \" style=\"margin: 0px; padding: 5px 0px; display: table; background-image: initial; background-position: initial; background-size: initial; background-repeat: initial; background-attachment: initial; background-origin: initial; background-clip: initial; width: 360px; border-top: 1px solid rgb(238, 238, 238);\"><span style=\"margin: 0px; padding: 5px 0px; display: table-cell; width: 144px; vertical-align: top; color: rgb(102, 102, 102);\">Thương hiệu của:</span><div style=\"margin: 0px; padding: 6px 5px; display: table-cell; width: auto; vertical-align: top;\"><span style=\"margin: 0px; padding: 0px;\">Thế Giới Di Động</span></div></li><li class=\"g14627 \" style=\"margin: 0px; padding: 5px 0px; display: table; background-image: initial; background-position: initial; background-size: initial; background-repeat: initial; background-attachment: initial; background-origin: initial; background-clip: initial; width: 360px; border-top: 1px solid rgb(238, 238, 238); border-bottom: 0px;\"><span style=\"margin: 0px; padding: 5px 0px; display: table-cell; width: 144px; vertical-align: top; color: rgb(102, 102, 102);\">Sản xuất tại:</span><div style=\"margin: 0px; padding: 6px 5px; display: table-cell; width: auto; vertical-align: top;\"><span style=\"margin: 0px; padding: 0px;\">Trung Quốc</span></div></li></ul>', '2020-07-23 16:17:43'),
(37, 37, 3, 'Sạc dự phòng 10.000 mAh', 700000, 0, 'img/products/sac-du-phong-10000mah-type-c-energizer-ue10047pq-6-org.jpg', '/img/products/sac-du-phong-polymer-10000mah-qc30-xmobile-p68d-5-org.jpg', '/img/products/sac-du-phong-polymer-10000mah-qc30-xmobile-p68d-6-org.jpg', 1, '', '', '', '', '', '', '', '', '', 0, 0, 1, '<h2 style=\"margin-right: 0px; margin-bottom: 0px; margin-left: 0px; padding: 0px; font-variant-numeric: normal; font-variant-east-asian: normal; font-stretch: normal; font-size: 20px; line-height: 1.3em; font-family: Helvetica, Arial, &quot;DejaVu Sans&quot;, &quot;Liberation Sans&quot;, Freesans, sans-serif; color: rgb(51, 51, 51); outline: none; zoom: 1;\">Thông số kỹ thuật</h2><ul class=\"parameter tableparameter_acc\" style=\"margin-right: 0px; margin-bottom: 0px; margin-left: 0px; padding: 10px 0px 0px; list-style: none; position: relative; overflow: hidden; background-image: initial; background-position: initial; background-size: initial; background-repeat: initial; background-attachment: initial; background-origin: initial; background-clip: initial; color: rgb(51, 51, 51); font-family: Helvetica, Arial, &quot;DejaVu Sans&quot;, &quot;Liberation Sans&quot;, Freesans, sans-serif; font-size: 14px;\"><li class=\"g7619 \" style=\"margin: 0px; padding: 5px 0px; display: table; background-image: initial; background-position: initial; background-size: initial; background-repeat: initial; background-attachment: initial; background-origin: initial; background-clip: initial; width: 360px; border-top: 1px solid rgb(238, 238, 238);\"><span style=\"margin: 0px; padding: 5px 0px; display: table-cell; width: 144px; vertical-align: top; color: rgb(102, 102, 102);\"><a href=\"https://www.thegioididong.com/hoi-dap/hieu-suat-sac-cua-pin-sac-du-phong-co-y-nghia-gi-1198538\" target=\"_blank\" style=\"margin: 0px; padding: 0px; color: rgb(40, 138, 214);\">Hiệu suất sạc:</a></span><div style=\"margin: 0px; padding: 6px 5px; display: table-cell; width: auto; vertical-align: top;\"><span style=\"margin: 0px; padding: 0px;\">65%</span></div></li><li class=\"g23370 \" style=\"margin: 0px; padding: 5px 0px; display: table; background-image: initial; background-position: initial; background-size: initial; background-repeat: initial; background-attachment: initial; background-origin: initial; background-clip: initial; width: 360px; border-top: 1px solid rgb(238, 238, 238);\"><span style=\"margin: 0px; padding: 5px 0px; display: table-cell; width: 144px; vertical-align: top; color: rgb(102, 102, 102);\">Dung lượng pin:</span><div style=\"margin: 0px; padding: 6px 5px; display: table-cell; width: auto; vertical-align: top;\"><span style=\"margin: 0px; padding: 0px;\">10.000 mAh</span></div></li><li class=\"g6440 \" style=\"margin: 0px; padding: 5px 0px; display: table; background-image: initial; background-position: initial; background-size: initial; background-repeat: initial; background-attachment: initial; background-origin: initial; background-clip: initial; width: 360px; border-top: 1px solid rgb(238, 238, 238);\"><span style=\"margin: 0px; padding: 5px 0px; display: table-cell; width: 144px; vertical-align: top; color: rgb(102, 102, 102);\">Thời gian sạc đầy pin:</span><div style=\"margin: 0px; padding: 6px 5px; display: table-cell; width: auto; vertical-align: top;\"><span style=\"margin: 0px; padding: 0px;\">10 - 11 giờ (dùng Adapter 1A)</span><span style=\"margin: 0px; padding: 0px;\">5 - 6 giờ (dùng Adapter 2A)</span></div></li><li class=\"g6441 \" style=\"margin: 0px; padding: 5px 0px; display: table; background-image: initial; background-position: initial; background-size: initial; background-repeat: initial; background-attachment: initial; background-origin: initial; background-clip: initial; width: 360px; border-top: 1px solid rgb(238, 238, 238);\"><span style=\"margin: 0px; padding: 5px 0px; display: table-cell; width: 144px; vertical-align: top; color: rgb(102, 102, 102);\">Nguồn vào:</span><div style=\"margin: 0px; padding: 6px 5px; display: table-cell; width: auto; vertical-align: top;\"><span style=\"margin: 0px; padding: 0px;\">Micro USB: 5V - 2A</span></div></li><li class=\"g21149 \" style=\"margin: 0px; padding: 5px 0px; display: table; background-image: initial; background-position: initial; background-size: initial; background-repeat: initial; background-attachment: initial; background-origin: initial; background-clip: initial; width: 360px; border-top: 1px solid rgb(238, 238, 238);\"><span style=\"margin: 0px; padding: 5px 0px; display: table-cell; width: 144px; vertical-align: top; color: rgb(102, 102, 102);\">Nguồn ra:</span><div style=\"margin: 0px; padding: 6px 5px; display: table-cell; width: auto; vertical-align: top;\"><span style=\"margin: 0px; padding: 0px;\">USB: 5V - 2A</span></div></li><li class=\"g12099 \" style=\"margin: 0px; padding: 5px 0px; display: table; background-image: initial; background-position: initial; background-size: initial; background-repeat: initial; background-attachment: initial; background-origin: initial; background-clip: initial; width: 360px; border-top: 1px solid rgb(238, 238, 238);\"><span style=\"margin: 0px; padding: 5px 0px; display: table-cell; width: 144px; vertical-align: top; color: rgb(102, 102, 102);\">Lõi pin:</span><div style=\"margin: 0px; padding: 6px 5px; display: table-cell; width: auto; vertical-align: top;\"><span style=\"margin: 0px; padding: 0px;\"><a href=\"https://www.thegioididong.com/hoi-dap/so-sanh-pin-li-ion-va-pin-li-po-651833#pin-li-ion\" target=\"_blank\" style=\"margin: 0px; padding: 0px; color: rgb(40, 138, 214);\">Pin Li-Ion</a></span></div></li><li class=\"g21148 \" style=\"margin: 0px; padding: 5px 0px; display: table; background-image: initial; background-position: initial; background-size: initial; background-repeat: initial; background-attachment: initial; background-origin: initial; background-clip: initial; width: 360px; border-top: 1px solid rgb(238, 238, 238);\"><span style=\"margin: 0px; padding: 5px 0px; display: table-cell; width: 144px; vertical-align: top; color: rgb(102, 102, 102);\">Công nghệ/Tiện ích:</span><div style=\"margin: 0px; padding: 6px 5px; display: table-cell; width: auto; vertical-align: top;\"><span style=\"margin: 0px; padding: 0px;\">Đèn LED báo hiệu</span></div></li><li class=\"g21150 \" style=\"margin: 0px; padding: 5px 0px; display: table; background-image: initial; background-position: initial; background-size: initial; background-repeat: initial; background-attachment: initial; background-origin: initial; background-clip: initial; width: 360px; border-top: 1px solid rgb(238, 238, 238);\"><span style=\"margin: 0px; padding: 5px 0px; display: table-cell; width: 144px; vertical-align: top; color: rgb(102, 102, 102);\">Trọng lượng:</span><div style=\"margin: 0px; padding: 6px 5px; display: table-cell; width: auto; vertical-align: top;\"><span style=\"margin: 0px; padding: 0px;\">240g</span></div></li><li class=\"g20963 \" style=\"margin: 0px; padding: 5px 0px; display: table; background-image: initial; background-position: initial; background-size: initial; background-repeat: initial; background-attachment: initial; background-origin: initial; background-clip: initial; width: 360px; border-top: 1px solid rgb(238, 238, 238);\"><span style=\"margin: 0px; padding: 5px 0px; display: table-cell; width: 144px; vertical-align: top; color: rgb(102, 102, 102);\">Thương hiệu của:</span><div style=\"margin: 0px; padding: 6px 5px; display: table-cell; width: auto; vertical-align: top;\"><span style=\"margin: 0px; padding: 0px;\">Thế Giới Di Động</span></div></li><li class=\"g14787 \" style=\"margin: 0px; padding: 5px 0px; display: table; background-image: initial; background-position: initial; background-size: initial; background-repeat: initial; background-attachment: initial; background-origin: initial; background-clip: initial; width: 360px; border-top: 1px solid rgb(238, 238, 238); border-bottom: 0px;\"><span style=\"margin: 0px; padding: 5px 0px; display: table-cell; width: 144px; vertical-align: top; color: rgb(102, 102, 102);\">Sản xuất tại:</span><div style=\"margin: 0px; padding: 6px 5px; display: table-cell; width: auto; vertical-align: top;\"><span style=\"margin: 0px; padding: 0px;\">Trung Quốc</span></div></li></ul>', '2020-07-23 16:21:17'),
(39, 39, 3, 'Tai nghe Bluetooth', 850000, 10, 'img/products/tai-nghe-bluetooth-samsung-mg900e-add-600x600.jpg', '/img/products/tai-nghe-bluetooth-samsung-mg900e-den-5-2-org.jpg', '/img/products/tai-nghe-bluetooth-samsung-mg900e-den-3-2-org.jpg', 1, '', '', '', '', '', '', '', '', '', 0, 0, 1, '<h2 style=\"margin-right: 0px; margin-bottom: 0px; margin-left: 0px; padding: 0px; font-variant-numeric: normal; font-variant-east-asian: normal; font-stretch: normal; font-size: 20px; line-height: 1.3em; font-family: Helvetica, Arial, \"DejaVu Sans\", \"Liberation Sans\", Freesans, sans-serif; color: rgb(51, 51, 51); outline: none; zoom: 1;\">Thông số kỹ thuật</h2><ul class=\"parameter tableparameter_acc\" style=\"margin-right: 0px; margin-bottom: 0px; margin-left: 0px; padding: 10px 0px 0px; list-style: none; position: relative; overflow: hidden; background-image: initial; background-position: initial; background-size: initial; background-repeat: initial; background-attachment: initial; background-origin: initial; background-clip: initial; color: rgb(51, 51, 51); font-family: Helvetica, Arial, \"DejaVu Sans\", \"Liberation Sans\", Freesans, sans-serif; font-size: 14px;\"><li class=\"g12312 \" style=\"margin: 0px; padding: 5px 0px; display: table; background-image: initial; background-position: initial; background-size: initial; background-repeat: initial; background-attachment: initial; background-origin: initial; background-clip: initial; width: 686.897px; border-top: 1px solid rgb(238, 238, 238);\"><span style=\"margin: 0px; padding: 5px 0px; display: table-cell; width: 274.759px; vertical-align: top; color: rgb(102, 102, 102);\">Tương thích:</span><div style=\"margin: 0px; padding: 6px 5px; display: table-cell; width: auto; vertical-align: top;\"><span style=\"margin: 0px; padding: 0px;\">Android, iOS (iPhone, iPad), Windows</span></div></li><li class=\"g21208 \" style=\"margin: 0px; padding: 5px 0px; display: table; background-image: initial; background-position: initial; background-size: initial; background-repeat: initial; background-attachment: initial; background-origin: initial; background-clip: initial; width: 686.897px; border-top: 1px solid rgb(238, 238, 238);\"><span style=\"margin: 0px; padding: 5px 0px; display: table-cell; width: 274.759px; vertical-align: top; color: rgb(102, 102, 102);\">Cổng sạc:</span><div style=\"margin: 0px; padding: 6px 5px; display: table-cell; width: auto; vertical-align: top;\"><span style=\"margin: 0px; padding: 0px;\">Type-C</span></div></li><li class=\"g21209 \" style=\"margin: 0px; padding: 5px 0px; display: table; background-image: initial; background-position: initial; background-size: initial; background-repeat: initial; background-attachment: initial; background-origin: initial; background-clip: initial; width: 686.897px; border-top: 1px solid rgb(238, 238, 238);\"><span style=\"margin: 0px; padding: 5px 0px; display: table-cell; width: 274.759px; vertical-align: top; color: rgb(102, 102, 102);\">Công nghệ âm thanh:</span><div style=\"margin: 0px; padding: 6px 5px; display: table-cell; width: auto; vertical-align: top;\"><span style=\"margin: 0px; padding: 0px;\"><a href=\"https://www.thegioididong.com/hoi-dap/cong-nghe-extra-bass-tren-loa-tai-nghe-sony-la-gi-1251323\" target=\"_blank\" style=\"margin: 0px; padding: 0px; color: rgb(40, 138, 214);\">Extra Bass</a></span></div></li><li class=\"g10945 \" style=\"margin: 0px; padding: 5px 0px; display: table; background-image: initial; background-position: initial; background-size: initial; background-repeat: initial; background-attachment: initial; background-origin: initial; background-clip: initial; width: 686.897px; border-top: 1px solid rgb(238, 238, 238);\"><span style=\"margin: 0px; padding: 5px 0px; display: table-cell; width: 274.759px; vertical-align: top; color: rgb(102, 102, 102);\">Thời gian sử dụng:</span><div style=\"margin: 0px; padding: 6px 5px; display: table-cell; width: auto; vertical-align: top;\"><span style=\"margin: 0px; padding: 0px;\">9 giờ</span></div></li><li class=\"g135 \" style=\"margin: 0px; padding: 5px 0px; display: table; background-image: initial; background-position: initial; background-size: initial; background-repeat: initial; background-attachment: initial; background-origin: initial; background-clip: initial; width: 686.897px; border-top: 1px solid rgb(238, 238, 238);\"><span style=\"margin: 0px; padding: 5px 0px; display: table-cell; width: 274.759px; vertical-align: top; color: rgb(102, 102, 102);\">Thời gian sạc đầy:</span><div style=\"margin: 0px; padding: 6px 5px; display: table-cell; width: auto; vertical-align: top;\"><span style=\"margin: 0px; padding: 0px;\">2.5 giờ</span></div></li><li class=\"g12314 \" style=\"margin: 0px; padding: 5px 0px; display: table; background-image: initial; background-position: initial; background-size: initial; background-repeat: initial; background-attachment: initial; background-origin: initial; background-clip: initial; width: 686.897px; border-top: 1px solid rgb(238, 238, 238);\"><span style=\"margin: 0px; padding: 5px 0px; display: table-cell; width: 274.759px; vertical-align: top; color: rgb(102, 102, 102);\">Kết nối cùng lúc:</span><div style=\"margin: 0px; padding: 6px 5px; display: table-cell; width: auto; vertical-align: top;\"><span style=\"margin: 0px; padding: 0px;\">1 thiết bị</span></div></li><li class=\"g21210 \" style=\"margin: 0px; padding: 5px 0px; display: table; background-image: initial; background-position: initial; background-size: initial; background-repeat: initial; background-attachment: initial; background-origin: initial; background-clip: initial; width: 686.897px; border-top: 1px solid rgb(238, 238, 238);\"><span style=\"margin: 0px; padding: 5px 0px; display: table-cell; width: 274.759px; vertical-align: top; color: rgb(102, 102, 102);\">Khoảng cách kết nối:</span><div style=\"margin: 0px; padding: 6px 5px; display: table-cell; width: auto; vertical-align: top;\"><span style=\"margin: 0px; padding: 0px;\">10m (Bluetooth 5.0)</span></div></li><li class=\"g20962 \" style=\"margin: 0px; padding: 5px 0px; display: table; background-image: initial; background-position: initial; background-size: initial; background-repeat: initial; background-attachment: initial; background-origin: initial; background-clip: initial; width: 686.897px; border-top: 1px solid rgb(238, 238, 238);\"><span style=\"margin: 0px; padding: 5px 0px; display: table-cell; width: 274.759px; vertical-align: top; color: rgb(102, 102, 102);\">Thương hiệu của:</span><div style=\"margin: 0px; padding: 6px 5px; display: table-cell; width: auto; vertical-align: top;\"><span style=\"margin: 0px; padding: 0px;\">Nhật Bản</span></div></li><li class=\"g14817 \" style=\"margin: 0px; padding: 5px 0px; display: table; background-image: initial; background-position: initial; background-size: initial; background-repeat: initial; background-attachment: initial; background-origin: initial; background-clip: initial; width: 686.897px; border-top: 1px solid rgb(238, 238, 238); border-bottom: 0px;\"><span style=\"margin: 0px; padding: 5px 0px; display: table-cell; width: 274.759px; vertical-align: top; color: rgb(102, 102, 102);\">Sản xuất tại:</span><div style=\"margin: 0px; padding: 6px 5px; display: table-cell; width: auto; vertical-align: top;\"><span style=\"margin: 0px; padding: 0px;\">Malaysia</span></div></li></ul>', '2020-07-24 22:31:12'),
(40, 40, 3, 'Thẻ nhớ MicroSD 128 GB', 650000, 10, 'img/products/the-microsd-128gb-lexar-class-10-uhs-i-kem-adapter-304420-094416-600x600.jpg', '/img/products/the-nho-microsd-128gb-lexar-class-10-uhs-i-kem-ada-3-org.jpg', '/img/products/the-nho-microsd-128gb-lexar-class-10-uhs-i-kem-ada-4-org.jpg', 1, '', '', '', '', '', '', '', '', '', 0, 0, 1, '<ul class=\"plcAcc\" style=\"margin: 10px; padding: 0px; list-style: none; overflow: hidden; border-top: 1px solid rgb(238, 238, 238); color: rgb(51, 51, 51); font-family: Helvetica, Arial, \"DejaVu Sans\", \"Liberation Sans\", Freesans, sans', '2020-07-23 14:03:46'),
(41, 40, 3, 'Thẻ nhớ MicroSD 64GB ', 440000, 10, 'img/products/the-nho-microsd-64gb-class-10u1-1-600x600.png', '/img/products/the-nho-microsd-64gb-class-10u1-moi-1-org.jpg', '/img/products/the-nho-microsd-64gb-class-10u1-moi-9-org.jpg', 1, '', '', '', '', '', '', '', '', '', 0, 0, 1, '<ul class=\"plcAcc\" style=\"margin: 10px; padding: 0px; list-style: none; overflow: hidden; border-top: 1px solid rgb(238, 238, 238); color: rgb(51, 51, 51); font-family: Helvetica, Arial, \"DejaVu Sans\", \"Liberation Sans\", Freesans, sans', '2020-07-23 14:08:30'),
(42, 32, 3, 'Đế điện thoại eSaver', 35000, 10, 'img/products/de-dien-thoai-esaver-jhd-171-xanh-trang-add-600x600.jpg', '/img/products/de-dien-thoai-esaver-jhd-171-xanh-trang-xam-2-org.jpg', '/img/products/de-dien-thoai-esaver-jhd-171-xanh-trang-xam-5-org.jpg', 1, '', '', '', '', '', '', '', '', '', 0, 0, 1, '<p>Thiết kế nhỏ gọn, bắt mắt.</p><p>Góc nghiêng 45 độ vừa tầm nhìn người dùng.</p><p>Đế bám chặt với điện thoại nhờ lớp keo dính 2 mặt chắn chắc.</p><p>Dễ dàng theo dõi thông báo trong lúc làm việc.</p>', '2020-07-22 20:17:45'),
(43, 1, 1, 'iPhone 7 32GB', 8490000, 10, 'img/products/iphone-7-gold-400x460.png', '/img/products/iphone-7-den-4-5-org.jpg', '/img/products/iphone-7-den-5-5-org.jpg', 1, 'LED-backlit IPS LCD, 4.7', 'iOS 13', '7 MP', '12 MP', 'Apple A10 Fusion 4 nhân', '2 GB', '32 GB', 'Không có', '1960 mAh', 0, 0, 1, '<blockquote>iPhone 7 32GB vẫn mang trên mình thiết kế quen thuộc của từ thời iPhone 6 nhưng có nhiều thay đổi lớn về phần cứng, dàn loa stereo và cấu hình cực mạnh.<br>Camera trước tăng lên 7 MP<br>Âm thanh stereo phát ra từ 2 phía<br>Cảm biến vân tay nha', '2020-07-22 22:02:11'),
(44, 1, 1, 'iPhone 11 Pro Max 512GB', 39900000, 10, 'img/products/iphone-11-pro-max-512gb-gold-400x460.png', '/img/products/iphone-11-pro-max-512gb-xanh-6-org.jpg', '/img/products/iphone-11-pro-max-512gb-xanh-1-1-org.jpg', 4, 'OLED, 6.5', 'iOS 13', '3 camera 12 MP', '12 MP', 'Apple A13 Bionic 6 nhân', '4 GB', '512 GB', 'Không có', '3969 mAh, có sạc nhanh', 0, 0, 1, '<blockquote>Để tìm kiếm một chiếc smartphone có hiệu năng mạnh mẽ và có thể sử dụng mượt mà trong 2-3 năm tới thì không có chiếc máy nào xứng đang hơn chiếc iPhone 11 Pro Max 512GB mới ra mắt trong năm 2019 của Apple.<br>Hiệu năng \"đè bẹp\" mọi đối thủ<br>', '2020-07-22 22:01:48'),
(45, 1, 1, 'iPhone 11 Pro Max 256GB', 36490000, 10, 'img/products/iphone-11-pro-max-256gb-black-400x460.png', '/img/products/iphone-11-pro-max-256gb-mau-bac-1-org.jpg', '/img/products/iphone-11-pro-max-256gb-mau-bac-6-org.jpg', 4, 'OLED, 6.5', 'iOS 13', '3 camera 12 MP', '12 MP', 'Apple A13 Bionic 6 nhân', '4 GB', '256 GB', 'Không có', '3969 mAh, có sạc nhanh', 0, 0, 1, '<blockquote>iPhone 11 Pro Max 256GB là chiếc iPhone cao cấp nhất trong bộ 3 iPhone Apple giới thiệu trong năm 2019 và quả thực chiếc smartphone này mang trong mình nhiều trang bị xứng đáng với tên gọi \"Pro\".<br>Pro về camera sau<br>Pro luôn cả camera trướ', '2020-07-23 14:08:58'),
(46, 1, 1, 'iPhone 11 256GB', 24990000, 10, 'img/products/iphone-11-128gb-green-400x460.png', '/img/products/iphone-11-128gb-xanh-la-7-org.jpg', '/img/products/iphone-11-256gb-xanh-la-4-org.jpg', 4, 'PS LCD, 6.1', 'iOS 13', 'Chính 12 MP & Phụ 12 MP', '12 MP', 'Apple A13 Bionic 6 nhân', '4 GB', '256 GB', 'Không có', '3110 mAh, có sạc nhanh', 0, 0, 1, '<blockquote>iPhone 11 256GB là chiếc máy có mức giá \"dễ chịu\" trong bộ 3 iPhone vừa được Apple giới thiệu và nếu bạn muốn được trải nghiệm những nâng cấp về camera mới hay hiệu năng hàng đầu mà lại không muốn bỏ ra quá nhiều tiền thì đây thực sự là lựa ch', '2020-07-22 22:01:11'),
(47, 1, 1, 'iPhone Xs Max 64GB', 23990000, 10, 'img/products/iphone-xs-max-gold-400x460.png', '/img/products/iphone-xs-max-bac-1-1-1-org.jpg', '/img/products/iphone-xs-max-bac-7-org.jpg', 2, 'OLED, 6.5', 'iOS 13', 'Chính 12 MP & Phụ 12 MP', '7 MP', 'Apple A12 Bionic 6 nhân', '4 GB', '64 GB', '', '3174 mAh, có sạc nhanh', 0, 0, 1, '<blockquote>Hoàn toàn xứng đáng với những gì được mong chờ, phiên bản cao cấp nhất iPhone Xs Max 64 GB của Apple năm nay nổi bật với chip A12 Bionic mạnh mẽ, màn hình rộng đến 6.5 inch, cùng camera kép trí tuệ nhân tạo và Face ID được nâng cấp.<br>Thiết k', '2020-07-22 22:00:53'),
(48, 1, 1, 'iPhone 8 Plus 128GB', 15990000, 20, 'img/products/iphone-8-plus-128gb-082720-052722-400x460.png', '/img/products/iphone-8-plus-vang-dong-1-org.jpg', '/img/products/iphone-8-plus-vang-dong-4-org.jpg', 1, 'LED-backlit IPS LCD, 5.5', 'iOS 13', 'Chính 12 MP & Phụ 12 MP', '7 MP', 'Apple A11 Bionic 6 nhân', '3 GB', '128 GB', 'Không có', '2691 mAh, có sạc nhanh', 0, 0, 1, '<blockquote>Fan trung thành của nhà Táo thì chắc hẳn không nên bỏ qua iPhone 8 Plus 128GB, một bản nâng cấp từ iPhone 7 Plus, được tích hợp thêm sạc không dây, chipset A11 Bionic 6 nhân mạnh mẽ cùng các tính năng mới giúp cho việc trải nghiệm lâu dài tốt ', '2020-07-22 22:01:02'),
(49, 42, 2, 'Ốp phong cảnh cứng', 32000, 10, 'img/products/b5f1dd03929e6ab583ccf66147467ee6.jpg', 'img/products/f608ec32b1a8ce3c35a611feabecc862.jpg', 'img/products/02837596959fdc41688efa9bcd97b4b3.jpg', 1, '', '', '', '', '', '', '', '', '', 0, 0, 1, '<p>Thông tin chi tiết:</p><p>&nbsp;1.100% Hàng mới</p><p>&nbsp;2. Vừa vặn cho điện thoại của bạn.</p><p>&nbsp;3.Chất liệu ------ Chất liệu silicon cao cấp, không mùi, cho điện thoại của bạn trở nên cổ điển và thanh lịch.</p><p>&nbsp;4. Thiết kế hoạt hình và sành điệu.</p><p>&nbsp;5. Làm theo điện thoại di động thực, cho dùng loa, nút, camera và cổng. Cho dễ dùng điện thoại</p><p>&nbsp;6. Bảo vệ toàn diện, chống bụi và va chạm.</p><p>&nbsp;7. Chất lượng tốt nhất, giá thấp nhất.</p><p></p>', '2020-07-23 15:50:46'),
(50, 42, 2, 'Ốp lưng One piece', 32000, 10, 'img/products/095eaeebec9ab5087131de9d11c8ffd1.jpg', '/img/products/ada23776d946809e25a6ca6a33b64471.jpg', '/img/products/dc143755bcf36217ba25861e1cff6d14.jpg', 1, '', '', '', '', '', '', '', '', '', 0, 0, 1, '<h6><span style=\"background-color: rgb(255, 255, 255);\"><span style=\"font-size: 14px;\">Thông tin chi tiết:<br></span><span style=\"font-size: 14px;\">&nbsp;1.100% Hàng mới<br></span><span style=\"font-size: 14px;\">&nbsp;2. Vừa vặn cho điện thoại của bạn.<br></span><span style=\"font-size: 14px;\">&nbsp;3.Chất liệu ------ Chất liệu silicon cao cấp, không mùi, cho điện thoại của bạn trở nên cổ điển và thanh lịch.<br></span><span style=\"font-size: 14px;\">&nbsp;4. Thiết kế hoạt hình và sành điệu.<br></span><span style=\"font-size: 14px;\">&nbsp;5. Làm theo điện thoại di động thực, cho dùng loa, nút, camera và cổng. Cho dễ dùng điện thoại<br></span><span style=\"font-size: 14px;\">&nbsp;6. Bảo vệ toàn diện, chống bụi và va chạm.<br></span><span style=\"font-size: 14px;\">&nbsp;7. Chất lượng tốt nhất, giá thấp nhất.</span></span></h6>', '2020-07-23 15:49:35');
INSERT INTO `sanpham` (`MaSP`, `MaLSP`, `MaDM`, `TenSP`, `DonGia`, `SoLuong`, `HinhAnh1`, `HinhAnh2`, `HinhAnh3`, `MaKM`, `ManHinh`, `HDH`, `CamSau`, `CamTruoc`, `CPU`, `Ram`, `Rom`, `SDCard`, `Pin`, `SoSao`, `SoDanhGia`, `TrangThai`, `MoTa`, `ThoiGian`) VALUES
(51, 42, 2, 'Ốp mềm hình lát chanh', 35000, 20, 'img/products/29f28f08ee10e19864d8d20a010a966b.jpg', '/img/products/12d861fa885512dd13098d1ac02e5f86.jpg', '/img/products/fadffde867addf0422ac7015ea2420cd.jpg', 1, '', '', '', '', '', '', '', '', '', 0, 0, 1, '<p>Thông tin chi tiết:</p><p>&nbsp;1.100% Hàng mới</p><p>&nbsp;2. Vừa vặn cho điện thoại của bạn.</p><p>&nbsp;3.Chất liệu ------ Chất liệu silicon cao cấp, không mùi, cho điện thoại của bạn trở nên cổ điển và thanh lịch.</p><p>&nbsp;4. Thiết kế hoạt hình và sành điệu.</p><p>&nbsp;5. Làm theo điện thoại di động thực, cho dùng loa, nút, camera và cổng. Cho dễ dùng điện thoại</p><p>&nbsp;6. Bảo vệ toàn diện, chống bụi và va chạm.</p><p>&nbsp;7. Chất lượng tốt nhất, giá thấp nhất.</p><p></p>', '2020-07-23 15:50:01'),
(52, 43, 2, 'Ốp Samsung Galaxy', 30000, 10, 'img/products/den.jpg', '/img/products/den1.jpg', '/img/products/den2.jpg', 1, '', '', '', '', '', '', '', '', '', 0, 0, 1, '<div>Thông tin chi tiết:</div><div>&nbsp;1.100% Hàng mới</div><div>&nbsp;2. Vừa vặn cho điện thoại của bạn.</div><div>&nbsp;3.Chất liệu ------ Chất liệu silicon cao cấp, không mùi, cho điện thoại của bạn trở nên cổ điển và thanh lịch.</div><div>&nbsp;4. Thiết kế hoạt hình và sành điệu.</div><div>&nbsp;5. Làm theo điện thoại di động thực, cho dùng loa, nút, camera và cổng. Cho dễ dùng điện thoại</div><div>&nbsp;6. Bảo vệ toàn diện, chống bụi và va chạm.</div><div>&nbsp;7. Chất lượng tốt nhất, giá thấp nhất.</div>', '2020-07-23 15:50:25'),
(53, 42, 2, ' Ốp lưng Hình học', 30000, 10, 'img/products/1.jpg', '/img/products/2.jpg', '/img/products/3.jpg', 1, '', '', '', '', '', '', '', '', '', 0, 0, 1, '<div class=\"kP-bM3\" style=\"background: rgba(0, 0, 0, 0.02); color: rgba(0, 0, 0, 0.87); font-size: 1.125rem; padding: 0.875rem; text-transform: capitalize; font-family: &quot;Helvetica Neue&quot;, Helvetica, Arial, 文泉驛正黑, &quot;WenQuanYi Zen Hei&quot;, &quot;Hiragino Sans GB&quot;, &quot;儷黑 Pro&quot;, &quot;LiHei Pro&quot;, &quot;Heiti TC&quot;, 微軟正黑體, &quot;Microsoft JhengHei UI&quot;, &quot;Microsoft JhengHei&quot;, sans-serif;\">MÔ TẢ SẢN PHẨM</div><div class=\"_2aZyWI\" style=\"margin: 1.875rem 0.9375rem 0.9375rem; color: rgba(0, 0, 0, 0.8); font-family: &quot;Helvetica Neue&quot;, Helvetica, Arial, 文泉驛正黑, &quot;WenQuanYi Zen Hei&quot;, &quot;Hiragino Sans GB&quot;, &quot;儷黑 Pro&quot;, &quot;LiHei Pro&quot;, &quot;Heiti TC&quot;, 微軟正黑體, &quot;Microsoft JhengHei UI&quot;, &quot;Microsoft JhengHei&quot;, sans-serif; font-size: 14px;\"><div class=\"_2u0jt9\" style=\"white-space: pre-wrap; font-size: 0.875rem; overflow: hidden; text-overflow: ellipsis; line-height: 1.875rem;\"> Siêu Thị Awifi - Thương hiệu ốp lưng số 1 Việt Nam\r\n- Awifi xin giới thiệu : Ốp iphone - Ốp lưng Hình học kèm Ring 5/5s/6/6s/6plus/6splus/7/8/7plus/8plus/x/xs/xs max/11/11promax - Awifi Case A1-6 \r\n- Xuất xứ: Việt Nam\r\n- Màu sắc : 2 màu\r\n- Chất liệu : Nhựa dẻo kim tuyến\r\n- Ưu điểm : + ốp kim tuyến sáng bóng nổi bật\r\n                   + kèm ring hình nhẫn tiện dùng</div></div>', '2020-07-23 16:48:29'),
(54, 15, 2, ' phong cách mùa hè', 30000, 10, 'img/products/1.jpg', '/img/products/2.jpg', '/img/products/22.jpg', 1, '', '', '', '', '', '', '', '', '', 0, 0, 1, '<div class=\"kP-bM3\" style=\"background: rgba(0, 0, 0, 0.02); padding: 0.875rem;\" helvetica=\"\" neue\",=\"\" helvetica,=\"\" arial,=\"\" 文泉驛正黑,=\"\" \"wenquanyi=\"\" zen=\"\" hei\",=\"\" \"hiragino=\"\" sans=\"\" gb\",=\"\" \"儷黑=\"\" pro\",=\"\" \"lihei=\"\" \"heiti=\"\" tc\",=\"\" 微軟正黑體,=\"\" \"microsoft=\"\" jhenghei=\"\" ui\",=\"\" jhenghei\",=\"\" sans-serif;\"=\"\"><div class=\"kP-bM3\" style=\"background-image: initial; background-position: initial; background-size: initial; background-repeat: initial; background-attachment: initial; background-origin: initial; background-clip: initial; padding: 0.875rem;\" helvetica=\"\" neue\",=\"\" helvetica,=\"\" arial,=\"\" 文泉驛正黑,=\"\" \"wenquanyi=\"\" zen=\"\" hei\",=\"\" \"hiragino=\"\" sans=\"\" gb\",=\"\" \"儷黑=\"\" pro\",=\"\" \"lihei=\"\" \"heiti=\"\" tc\",=\"\" 微軟正黑體,=\"\" \"microsoft=\"\" jhenghei=\"\" ui\",=\"\" jhenghei\",=\"\" sans-serif;\"=\"\"><font color=\"rgba(0, 0, 0, 0.870588235294118)\"><span style=\"font-size: 18px; text-transform: capitalize;\">MÔ TẢ SẢN PHẨM</span></font></div><div class=\"kP-bM3\" style=\"background-image: initial; background-position: initial; background-size: initial; background-repeat: initial; background-attachment: initial; background-origin: initial; background-clip: initial; padding: 0.875rem;\" helvetica=\"\" neue\",=\"\" helvetica,=\"\" arial,=\"\" 文泉驛正黑,=\"\" \"wenquanyi=\"\" zen=\"\" hei\",=\"\" \"hiragino=\"\" sans=\"\" gb\",=\"\" \"儷黑=\"\" pro\",=\"\" \"lihei=\"\" \"heiti=\"\" tc\",=\"\" 微軟正黑體,=\"\" \"microsoft=\"\" jhenghei=\"\" ui\",=\"\" jhenghei\",=\"\" sans-serif;\"=\"\"><font color=\"rgba(0, 0, 0, 0.870588235294118)\"><span style=\"font-size: 18px; text-transform: capitalize;\">Thời gian giao hàng dự kiến cho sản phẩm này là từ 7-9 ngày</span></font></div><div class=\"kP-bM3\" style=\"background-image: initial; background-position: initial; background-size: initial; background-repeat: initial; background-attachment: initial; background-origin: initial; background-clip: initial; padding: 0.875rem;\" helvetica=\"\" neue\",=\"\" helvetica,=\"\" arial,=\"\" 文泉驛正黑,=\"\" \"wenquanyi=\"\" zen=\"\" hei\",=\"\" \"hiragino=\"\" sans=\"\" gb\",=\"\" \"儷黑=\"\" pro\",=\"\" \"lihei=\"\" \"heiti=\"\" tc\",=\"\" 微軟正黑體,=\"\" \"microsoft=\"\" jhenghei=\"\" ui\",=\"\" jhenghei\",=\"\" sans-serif;\"=\"\"><font color=\"rgba(0, 0, 0, 0.870588235294118)\"><span style=\"font-size: 18px; text-transform: capitalize;\"><br></span></font></div><div class=\"kP-bM3\" style=\"background-image: initial; background-position: initial; background-size: initial; background-repeat: initial; background-attachment: initial; background-origin: initial; background-clip: initial; padding: 0.875rem;\" helvetica=\"\" neue\",=\"\" helvetica,=\"\" arial,=\"\" 文泉驛正黑,=\"\" \"wenquanyi=\"\" zen=\"\" hei\",=\"\" \"hiragino=\"\" sans=\"\" gb\",=\"\" \"儷黑=\"\" pro\",=\"\" \"lihei=\"\" \"heiti=\"\" tc\",=\"\" 微軟正黑體,=\"\" \"microsoft=\"\" jhenghei=\"\" ui\",=\"\" jhenghei\",=\"\" sans-serif;\"=\"\"><font color=\"rgba(0, 0, 0, 0.870588235294118)\"><span style=\"font-size: 18px; text-transform: capitalize;\">Chú ý:</span></font></div><div class=\"kP-bM3\" style=\"background-image: initial; background-position: initial; background-size: initial; background-repeat: initial; background-attachment: initial; background-origin: initial; background-clip: initial; padding: 0.875rem;\" helvetica=\"\" neue\",=\"\" helvetica,=\"\" arial,=\"\" 文泉驛正黑,=\"\" \"wenquanyi=\"\" zen=\"\" hei\",=\"\" \"hiragino=\"\" sans=\"\" gb\",=\"\" \"儷黑=\"\" pro\",=\"\" \"lihei=\"\" \"heiti=\"\" tc\",=\"\" 微軟正黑體,=\"\" \"microsoft=\"\" jhenghei=\"\" ui\",=\"\" jhenghei\",=\"\" sans-serif;\"=\"\"><font color=\"rgba(0, 0, 0, 0.870588235294118)\"><span style=\"font-size: 18px; text-transform: capitalize;\">&nbsp;1. Hình ảnh được chụp bằng sản phẩm thực tế!</span></font></div><div class=\"kP-bM3\" style=\"background-image: initial; background-position: initial; background-size: initial; background-repeat: initial; background-attachment: initial; background-origin: initial; background-clip: initial; padding: 0.875rem;\" helvetica=\"\" neue\",=\"\" helvetica,=\"\" arial,=\"\" 文泉驛正黑,=\"\" \"wenquanyi=\"\" zen=\"\" hei\",=\"\" \"hiragino=\"\" sans=\"\" gb\",=\"\" \"儷黑=\"\" pro\",=\"\" \"lihei=\"\" \"heiti=\"\" tc\",=\"\" 微軟正黑體,=\"\" \"microsoft=\"\" jhenghei=\"\" ui\",=\"\" jhenghei\",=\"\" sans-serif;\"=\"\"><font color=\"rgba(0, 0, 0, 0.870588235294118)\"><span style=\"font-size: 18px; text-transform: capitalize;\">&nbsp;2. Chúng tôi không thể tải lên tất cả các hình ảnh minh họa cho các kiểu điện thoại vì có quá nhiều kiểu điện thoại tương thích, vì vậy vui lòng chọn đúng kiểu điện thoại của bạn. Vui lòng không đánh giá kiểu điện thoại của bạn từ hình ảnh sản phẩm của chúng tôi. Cảm ơn!</span></font></div><div class=\"kP-bM3\" style=\"background-image: initial; background-position: initial; background-size: initial; background-repeat: initial; background-attachment: initial; background-origin: initial; background-clip: initial; padding: 0.875rem;\" helvetica=\"\" neue\",=\"\" helvetica,=\"\" arial,=\"\" 文泉驛正黑,=\"\" \"wenquanyi=\"\" zen=\"\" hei\",=\"\" \"hiragino=\"\" sans=\"\" gb\",=\"\" \"儷黑=\"\" pro\",=\"\" \"lihei=\"\" \"heiti=\"\" tc\",=\"\" 微軟正黑體,=\"\" \"microsoft=\"\" jhenghei=\"\" ui\",=\"\" jhenghei\",=\"\" sans-serif;\"=\"\"><font color=\"rgba(0, 0, 0, 0.870588235294118)\"><span style=\"font-size: 18px; text-transform: capitalize;\">&nbsp;</span></font></div><div class=\"kP-bM3\" style=\"background-image: initial; background-position: initial; background-size: initial; background-repeat: initial; background-attachment: initial; background-origin: initial; background-clip: initial; padding: 0.875rem;\" helvetica=\"\" neue\",=\"\" helvetica,=\"\" arial,=\"\" 文泉驛正黑,=\"\" \"wenquanyi=\"\" zen=\"\" hei\",=\"\" \"hiragino=\"\" sans=\"\" gb\",=\"\" \"儷黑=\"\" pro\",=\"\" \"lihei=\"\" \"heiti=\"\" tc\",=\"\" 微軟正黑體,=\"\" \"microsoft=\"\" jhenghei=\"\" ui\",=\"\" jhenghei\",=\"\" sans-serif;\"=\"\"><font color=\"rgba(0, 0, 0, 0.870588235294118)\"><span style=\"font-size: 18px; text-transform: capitalize;\">&nbsp;Đặc điểm:&nbsp;</span></font></div><div class=\"kP-bM3\" style=\"background-image: initial; background-position: initial; background-size: initial; background-repeat: initial; background-attachment: initial; background-origin: initial; background-clip: initial; padding: 0.875rem;\" helvetica=\"\" neue\",=\"\" helvetica,=\"\" arial,=\"\" 文泉驛正黑,=\"\" \"wenquanyi=\"\" zen=\"\" hei\",=\"\" \"hiragino=\"\" sans=\"\" gb\",=\"\" \"儷黑=\"\" pro\",=\"\" \"lihei=\"\" \"heiti=\"\" tc\",=\"\" 微軟正黑體,=\"\" \"microsoft=\"\" jhenghei=\"\" ui\",=\"\" jhenghei\",=\"\" sans-serif;\"=\"\"><font color=\"rgba(0, 0, 0, 0.870588235294118)\"><span style=\"font-size: 18px; text-transform: capitalize;\">&nbsp;* Hàng mới 100% và chất lượng cao.</span></font></div><div class=\"kP-bM3\" style=\"background-image: initial; background-position: initial; background-size: initial; background-repeat: initial; background-attachment: initial; background-origin: initial; background-clip: initial; padding: 0.875rem;\" helvetica=\"\" neue\",=\"\" helvetica,=\"\" arial,=\"\" 文泉驛正黑,=\"\" \"wenquanyi=\"\" zen=\"\" hei\",=\"\" \"hiragino=\"\" sans=\"\" gb\",=\"\" \"儷黑=\"\" pro\",=\"\" \"lihei=\"\" \"heiti=\"\" tc\",=\"\" 微軟正黑體,=\"\" \"microsoft=\"\" jhenghei=\"\" ui\",=\"\" jhenghei\",=\"\" sans-serif;\"=\"\"><font color=\"rgba(0, 0, 0, 0.870588235294118)\"><span style=\"font-size: 18px; text-transform: capitalize;\">&nbsp;* Thiết kế thời trang, dễ dàng lắp vào và gỡ bỏ.</span></font></div><div class=\"kP-bM3\" style=\"background-image: initial; background-position: initial; background-size: initial; background-repeat: initial; background-attachment: initial; background-origin: initial; background-clip: initial; padding: 0.875rem;\" helvetica=\"\" neue\",=\"\" helvetica,=\"\" arial,=\"\" 文泉驛正黑,=\"\" \"wenquanyi=\"\" zen=\"\" hei\",=\"\" \"hiragino=\"\" sans=\"\" gb\",=\"\" \"儷黑=\"\" pro\",=\"\" \"lihei=\"\" \"heiti=\"\" tc\",=\"\" 微軟正黑體,=\"\" \"microsoft=\"\" jhenghei=\"\" ui\",=\"\" jhenghei\",=\"\" sans-serif;\"=\"\"><font color=\"rgba(0, 0, 0, 0.870588235294118)\"><span style=\"font-size: 18px; text-transform: capitalize;\">&nbsp;* Hoàn toàn phù hợp với hình dạng điện thoại thực tế.</span></font></div><div class=\"kP-bM3\" style=\"background-image: initial; background-position: initial; background-size: initial; background-repeat: initial; background-attachment: initial; background-origin: initial; background-clip: initial; padding: 0.875rem;\" helvetica=\"\" neue\",=\"\" helvetica,=\"\" arial,=\"\" 文泉驛正黑,=\"\" \"wenquanyi=\"\" zen=\"\" hei\",=\"\" \"hiragino=\"\" sans=\"\" gb\",=\"\" \"儷黑=\"\" pro\",=\"\" \"lihei=\"\" \"heiti=\"\" tc\",=\"\" 微軟正黑體,=\"\" \"microsoft=\"\" jhenghei=\"\" ui\",=\"\" jhenghei\",=\"\" sans-serif;\"=\"\"><font color=\"rgba(0, 0, 0, 0.870588235294118)\"><span style=\"font-size: 18px; text-transform: capitalize;\">&nbsp;* Bảo vệ điện thoại của bạn khỏi bụi, trầy xước, sốc và siêu bền.</span></font></div><div class=\"kP-bM3\" style=\"background-image: initial; background-position: initial; background-size: initial; background-repeat: initial; background-attachment: initial; background-origin: initial; background-clip: initial; padding: 0.875rem;\" helvetica=\"\" neue\",=\"\" helvetica,=\"\" arial,=\"\" 文泉驛正黑,=\"\" \"wenquanyi=\"\" zen=\"\" hei\",=\"\" \"hiragino=\"\" sans=\"\" gb\",=\"\" \"儷黑=\"\" pro\",=\"\" \"lihei=\"\" \"heiti=\"\" tc\",=\"\" 微軟正黑體,=\"\" \"microsoft=\"\" jhenghei=\"\" ui\",=\"\" jhenghei\",=\"\" sans-serif;\"=\"\"><font color=\"rgba(0, 0, 0, 0.870588235294118)\"><span style=\"font-size: 18px; text-transform: capitalize;\">&nbsp;* Bảo vệ điện thoại di động có giá trị của bạn khỏi trầy xước và các tác nhân gây hư hỏng khác.</span></font></div></div>', '2020-07-23 17:06:27'),
(55, 15, 2, 'Mềm trong suốt', 30000, 10, 'img/products/3.jpg', '/img/products/33.jpg', '/img/products/333.jpg', 1, '', '', '', '', '', '', '', '', '', 0, 0, 1, '<div class=\"kP-bM3\" style=\"background: rgba(0, 0, 0, 0.02); color: rgba(0, 0, 0, 0.87); font-size: 1.125rem; padding: 0.875rem; text-transform: capitalize; font-family: &quot;Helvetica Neue&quot;, Helvetica, Arial, 文泉驛正黑, &quot;WenQuanYi Zen Hei&quot;, &quot;Hiragino Sans GB&quot;, &quot;儷黑 Pro&quot;, &quot;LiHei Pro&quot;, &quot;Heiti TC&quot;, 微軟正黑體, &quot;Microsoft JhengHei UI&quot;, &quot;Microsoft JhengHei&quot;, sans-serif;\">MÔ TẢ SẢN PHẨM</div><div class=\"_2aZyWI\" style=\"margin: 1.875rem 0.9375rem 0.9375rem; color: rgba(0, 0, 0, 0.8); font-family: &quot;Helvetica Neue&quot;, Helvetica, Arial, 文泉驛正黑, &quot;WenQuanYi Zen Hei&quot;, &quot;Hiragino Sans GB&quot;, &quot;儷黑 Pro&quot;, &quot;LiHei Pro&quot;, &quot;Heiti TC&quot;, 微軟正黑體, &quot;Microsoft JhengHei UI&quot;, &quot;Microsoft JhengHei&quot;, sans-serif; font-size: 14px;\"><div class=\"_2u0jt9\" style=\"white-space: pre-wrap; font-size: 0.875rem; overflow: hidden; text-overflow: ellipsis; line-height: 1.875rem;\">Thời gian giao hàng dự kiến cho sản phẩm này là từ 7-9 ngày\r\n \r\n ❤ Chất liệu: Ốp điện thoại mềm trong suốt chống sốc\r\n \r\n ???? Đối với mẫu ốp điện thoại khác, bạn có thể TÌM KIẾM trong cửa hàng của chúng tôi ✔\r\n \r\n ???? Gói hàng bao gồm \r\n 1 x Ốp điện thoại có đóng gói (Không bao gồm điện thoại) ????\r\n \r\n ❣ Hỗ trợ hình thức bán hàng dropshipping ✔\r\n ❣ Chào mừng các đại lý ✔\r\n ❣ Giá bán sỉ ✔\r\n ❣ Đơn hàng tùy chỉnh ✔</div></div>', '2020-07-23 17:10:19'),
(56, 6, 1, 'Điện thoại Vivo V19', 8590000, 10, 'img/products/vivo-v19-xanh-400x460-400x460.png', '/img/products/vivo-v19-bac-1-org.jpg', '/img/products/vivo-v19-bac-6-org.jpg', 1, 'Super AMOLED, 6.44\", Full HD+', 'Android 10', 'Chính 48 MP & Phụ 8 MP, 2 MP, 2 MP', 'Chính 32 MP & Phụ 8 MP', 'Snapdragon 712 8 nhân', '8 GB', '128 GB', 'MicroSD, hỗ trợ tối đa 256 GB', '4500 mAh, có sạc nhanh', 0, 0, 1, '<p>Vivo V19 là mẫu smartphone tầm trung ra mắt vào đầu năm 2020 của Vivo. Thiết bị ghi điểm ở thiết kế thời trang, khả năng chụp ảnh đêm ấn tượng, cụm 4 camera đa dụng và công nghệ sạc nhanh vượt trội 33W.</p><p>Thiết kế nổi bật, trải nghiệm hình ảnh không giới hạn</p><p>4 camera ấn tượng, chụp đêm cực chất</p><p>Cấu hình mạnh mẽ, sạc siêu nhanh 33W</p><div><br></div>', '2020-07-23 17:15:27'),
(57, 1, 1, 'Điện thoại iPhone SE 12', 14490000, 10, 'img/products/ip1.png', '/img/products/ip2.jpg', '/img/products/ip3.jpg', 1, 'IPS LCD, 4.7\", Retina', 'iOS 13', 'Chính 12 MP & Phụ 12 MP', '7 MP', 'Apple A13 Bionic 6 nhân', '8 GB', '128 GB', '', '2691 mAh, có sạc nhanh', 0, 0, 1, '<p>Sau bao ngày chờ đợi, iPhone SE 2020 cuối cùng đã được ra mắt làm thỏa mãn triệu tín đồ Táo khuyết. Sở hữu thiết kế siêu nhỏ gọn như iPhone 8, chip A13 Bionic cho hiệu năng khủng như iPhone 11, nhưng iPhone SE 2020 lại có một mức giá tốt đến bất ngờ.</p><p>Thiết kế nhỏ gọn trong lòng bàn tay.</p><p>Cấu hình “không đối thủ” trong tầm giá</p><p>Camera đơn - đa tính năng</p><p>Sở hữu công nghệ đỉnh cao với mức giá phải chăng</p>', '2020-07-23 17:20:44');

--
-- Chỉ mục cho các bảng đã đổ
--

--
-- Chỉ mục cho bảng `banner`
--
ALTER TABLE `banner`
  ADD PRIMARY KEY (`Id`) USING BTREE;

--
-- Chỉ mục cho bảng `chitiethoadon`
--
ALTER TABLE `chitiethoadon`
  ADD KEY `MaHD` (`MaHD`) USING BTREE,
  ADD KEY `MaSP` (`MaSP`) USING BTREE;

--
-- Chỉ mục cho bảng `danhmuc`
--
ALTER TABLE `danhmuc`
  ADD PRIMARY KEY (`MaDM`) USING BTREE;

--
-- Chỉ mục cho bảng `hoadon`
--
ALTER TABLE `hoadon`
  ADD PRIMARY KEY (`MaHD`) USING BTREE,
  ADD KEY `MaKH` (`MaND`) USING BTREE;

--
-- Chỉ mục cho bảng `khuyenmai`
--
ALTER TABLE `khuyenmai`
  ADD PRIMARY KEY (`MaKM`) USING BTREE;

--
-- Chỉ mục cho bảng `loaisanpham`
--
ALTER TABLE `loaisanpham`
  ADD PRIMARY KEY (`MaLSP`) USING BTREE,
  ADD KEY `MaDM` (`MaDM`) USING BTREE,
  ADD KEY `MaLSP` (`MaLSP`,`MaDM`) USING BTREE,
  ADD KEY `MaLSP_2` (`MaLSP`) USING BTREE;

--
-- Chỉ mục cho bảng `nguoidung`
--
ALTER TABLE `nguoidung`
  ADD PRIMARY KEY (`MaND`) USING BTREE,
  ADD KEY `MaQuyen` (`MaQuyen`) USING BTREE;

--
-- Chỉ mục cho bảng `phanquyen`
--
ALTER TABLE `phanquyen`
  ADD PRIMARY KEY (`MaQuyen`) USING BTREE;

--
-- Chỉ mục cho bảng `sanpham`
--
ALTER TABLE `sanpham`
  ADD PRIMARY KEY (`MaSP`) USING BTREE,
  ADD KEY `LoaiSP` (`MaLSP`) USING BTREE,
  ADD KEY `MaKM` (`MaKM`) USING BTREE;

--
-- AUTO_INCREMENT cho các bảng đã đổ
--

--
-- AUTO_INCREMENT cho bảng `banner`
--
ALTER TABLE `banner`
  MODIFY `Id` int(11) NOT NULL AUTO_INCREMENT, AUTO_INCREMENT=5;

--
-- AUTO_INCREMENT cho bảng `hoadon`
--
ALTER TABLE `hoadon`
  MODIFY `MaHD` int(11) NOT NULL AUTO_INCREMENT, AUTO_INCREMENT=10;

--
-- AUTO_INCREMENT cho bảng `khuyenmai`
--
ALTER TABLE `khuyenmai`
  MODIFY `MaKM` int(11) NOT NULL AUTO_INCREMENT, AUTO_INCREMENT=15;

--
-- AUTO_INCREMENT cho bảng `loaisanpham`
--
ALTER TABLE `loaisanpham`
  MODIFY `MaLSP` int(11) NOT NULL AUTO_INCREMENT, AUTO_INCREMENT=44;

--
-- AUTO_INCREMENT cho bảng `nguoidung`
--
ALTER TABLE `nguoidung`
  MODIFY `MaND` int(11) NOT NULL AUTO_INCREMENT, AUTO_INCREMENT=16;

--
-- AUTO_INCREMENT cho bảng `phanquyen`
--
ALTER TABLE `phanquyen`
  MODIFY `MaQuyen` int(11) NOT NULL AUTO_INCREMENT, AUTO_INCREMENT=4;

--
-- AUTO_INCREMENT cho bảng `sanpham`
--
ALTER TABLE `sanpham`
  MODIFY `MaSP` int(11) NOT NULL AUTO_INCREMENT, AUTO_INCREMENT=58;

--
-- Các ràng buộc cho các bảng đã đổ
--

--
-- Các ràng buộc cho bảng `chitiethoadon`
--
ALTER TABLE `chitiethoadon`
  ADD CONSTRAINT `chitiethoadon_ibfk_1` FOREIGN KEY (`MaSP`) REFERENCES `sanpham` (`MaSP`) ON DELETE CASCADE ON UPDATE CASCADE,
  ADD CONSTRAINT `chitiethoadon_ibfk_2` FOREIGN KEY (`MaHD`) REFERENCES `hoadon` (`MaHD`) ON DELETE CASCADE ON UPDATE CASCADE;

--
-- Các ràng buộc cho bảng `hoadon`
--
ALTER TABLE `hoadon`
  ADD CONSTRAINT `hoadon_ibfk_1` FOREIGN KEY (`MaND`) REFERENCES `nguoidung` (`MaND`);

--
-- Các ràng buộc cho bảng `loaisanpham`
--
ALTER TABLE `loaisanpham`
  ADD CONSTRAINT `MaDM` FOREIGN KEY (`MaDM`) REFERENCES `danhmuc` (`MaDM`) ON DELETE CASCADE ON UPDATE CASCADE;

--
-- Các ràng buộc cho bảng `nguoidung`
--
ALTER TABLE `nguoidung`
  ADD CONSTRAINT `nguoidung_ibfk_1` FOREIGN KEY (`MaQuyen`) REFERENCES `phanquyen` (`MaQuyen`);

--
-- Các ràng buộc cho bảng `sanpham`
--
ALTER TABLE `sanpham`
  ADD CONSTRAINT `sanpham_ibfk_2` FOREIGN KEY (`MaKM`) REFERENCES `khuyenmai` (`MaKM`) ON DELETE CASCADE ON UPDATE CASCADE,
  ADD CONSTRAINT `sanpham_ibfk_3` FOREIGN KEY (`MaLSP`) REFERENCES `loaisanpham` (`MaLSP`) ON DELETE CASCADE ON UPDATE CASCADE;
COMMIT;

/*!40101 SET CHARACTER_SET_CLIENT=@OLD_CHARACTER_SET_CLIENT */;
/*!40101 SET CHARACTER_SET_RESULTS=@OLD_CHARACTER_SET_RESULTS */;
/*!40101 SET COLLATION_CONNECTION=@OLD_COLLATION_CONNECTION */;
